{
  "0.0": {
    "precision": 0.996322472945925,
    "recall": 0.9977825981362513,
    "f1-score": 0.9970520009740781,
    "support": 601154.0
  },
  "1.0": {
    "precision": 0.9590312567231152,
    "recall": 0.9337482793703992,
    "f1-score": 0.9462209081949814,
    "support": 33418.0
  },
  "accuracy": 0.9944104057537995,
  "macro avg": {
    "precision": 0.9776768648345201,
    "recall": 0.9657654387533252,
    "f1-score": 0.9716364545845297,
    "support": 634572.0
  },
  "weighted avg": {
    "precision": 0.9943586329660112,
    "recall": 0.9944104057537995,
    "f1-score": 0.9943751204018313,
    "support": 634572.0
  }
}