{
  "version": "1.2",
  "timestamp": "2025-04-18T13:22:21.798708",
  "description": "Retraining the best performing model using mixed precision",
  "flare_class": "M5",
  "time_window": "24",
  "hyperparameters": {
    "learning_rate": 0.0001,
    "batch_size": 512,
    "early_stopping_patience": 5,
    "epochs": 200,
    "num_transformer_blocks": 6,
    "embed_dim": 128,
    "num_heads": 4,
    "ff_dim": 256,
    "dropout_rate": 0.2,
    "previous_version": "1.1"
  },
  "performance": {
    "final_training_accuracy": 0.9935462474822998,
    "final_training_loss": 0.05718858540058136,
    "epochs_trained": 32
  },
  "git_info": {
    "commit": "365e7dd00cfc559533d8e855b59b95138532eb9a",
    "branch": "main"
  },
  "architecture": {
    "name": "SolarKnowledge",
    "input_shape": [
      10,
      9
    ],
    "num_params": 2000002,
    "precision": "<DTypePolicy \"float32\">"
  },
  "test_results": {
    "accuracy": 0.9915227629513343,
    "precision": 0.20079522862823063,
    "recall": 0.9711538461538461,
    "f1_score": 0.33278418451400327,
    "balanced_accuracy": 0.9813605231692224,
    "TSS": 0.9627210463384448
  }
}