{
  "0.0": {
    "precision": 0.9975272463443632,
    "recall": 0.9989342937461064,
    "f1-score": 0.9982302742224125,
    "support": 704697.0
  },
  "1.0": {
    "precision": 0.8000532481363152,
    "recall": 0.6326315789473684,
    "f1-score": 0.7065600752410064,
    "support": 4750.0
  },
  "accuracy": 0.9964817667845519,
  "macro avg": {
    "precision": 0.8987902472403392,
    "recall": 0.8157829363467375,
    "f1-score": 0.8523951747317094,
    "support": 709447.0
  },
  "weighted avg": {
    "precision": 0.9962050876891172,
    "recall": 0.9964817667845519,
    "f1-score": 0.9962774384994316,
    "support": 709447.0
  }
}