{
  "0.0": {
    "precision": 0.9977567163882992,
    "recall": 0.9991230273436669,
    "f1-score": 0.9984394044353246,
    "support": 704697.0
  },
  "1.0": {
    "precision": 0.8367239101717305,
    "recall": 0.6667368421052632,
    "f1-score": 0.7421206795547745,
    "support": 4750.0
  },
  "accuracy": 0.996897583610897,
  "macro avg": {
    "precision": 0.9172403132800149,
    "recall": 0.832929934724465,
    "f1-score": 0.8702800419950496,
    "support": 709447.0
  },
  "weighted avg": {
    "precision": 0.9966785444747824,
    "recall": 0.996897583610897,
    "f1-score": 0.996723259405206,
    "support": 709447.0
  }
}