{
  "0.0": {
    "precision": 0.9968543042773235,
    "recall": 0.9986726239534984,
    "f1-score": 0.9977626356909989,
    "support": 461060.0
  },
  "1.0": {
    "precision": 0.8204752126723379,
    "recall": 0.6581176470588235,
    "f1-score": 0.730382556469513,
    "support": 4250.0
  },
  "accuracy": 0.9955620983860223,
  "macro avg": {
    "precision": 0.9086647584748306,
    "recall": 0.828395135506161,
    "f1-score": 0.864072596080256,
    "support": 465310.0
  },
  "weighted avg": {
    "precision": 0.9952433113063553,
    "recall": 0.9955620983860223,
    "f1-score": 0.995320467380214,
    "support": 465310.0
  }
}