{
  "0.0": {
    "precision": 0.9933046443215632,
    "recall": 1.0,
    "f1-score": 0.996641077570601,
    "support": 704697.0
  },
  "1.0": {
    "precision": 0.0,
    "recall": 0.0,
    "f1-score": 0.0,
    "support": 4750.0
  },
  "accuracy": 0.9933046443215632,
  "macro avg": {
    "precision": 0.4966523221607816,
    "recall": 0.5,
    "f1-score": 0.4983205387853005,
    "support": 709447.0
  },
  "weighted avg": {
    "precision": 0.986654116430787,
    "recall": 0.9933046443215632,
    "f1-score": 0.9899682110725254,
    "support": 709447.0
  }
}