{
  "0.0": {
    "precision": 0.9928184485074856,
    "recall": 1.0,
    "f1-score": 0.9963962841181578,
    "support": 615608.0
  },
  "1.0": {
    "precision": 1.0,
    "recall": 0.012638580931263858,
    "f1-score": 0.02496168162907817,
    "support": 4510.0
  },
  "accuracy": 0.9928191086212624,
  "macro avg": {
    "precision": 0.9964092242537428,
    "recall": 0.506319290465632,
    "f1-score": 0.510678982873618,
    "support": 620118.0
  },
  "weighted avg": {
    "precision": 0.9928706785624609,
    "recall": 0.9928191086212624,
    "f1-score": 0.9893312254402516,
    "support": 620118.0
  }
}