{
  "0.0": {
    "precision": 0.9994410929881541,
    "recall": 0.9992446491923431,
    "f1-score": 0.9993428614363635,
    "support": 615608.0
  },
  "1.0": {
    "precision": 0.8995897214424531,
    "recall": 0.9237250554323725,
    "f1-score": 0.9114976479597419,
    "support": 4510.0
  },
  "accuracy": 0.9986954095833374,
  "macro avg": {
    "precision": 0.9495154072153036,
    "recall": 0.9614848523123578,
    "f1-score": 0.9554202546980527,
    "support": 620118.0
  },
  "weighted avg": {
    "precision": 0.9987148929977149,
    "recall": 0.9986954095833374,
    "f1-score": 0.9987039799448092,
    "support": 620118.0
  }
}