{
  "0.0": {
    "precision": 0.9990522190436738,
    "recall": 0.9990890556543617,
    "f1-score": 0.9990706370094682,
    "support": 461060.0
  },
  "1.0": {
    "precision": 0.9007795889440113,
    "recall": 0.8971764705882352,
    "f1-score": 0.8989744194270894,
    "support": 4250.0
  },
  "accuracy": 0.9981582171025768,
  "macro avg": {
    "precision": 0.9499159039938425,
    "recall": 0.9481327631212985,
    "f1-score": 0.9490225282182788,
    "support": 465310.0
  },
  "weighted avg": {
    "precision": 0.9981546267333353,
    "recall": 0.9981582171025768,
    "f1-score": 0.9981563886057694,
    "support": 465310.0
  }
}