{
  "0.0": {
    "precision": 0.6486240794269944,
    "recall": 0.7710078395366905,
    "f1-score": 0.7045407242118714,
    "support": 283180.0
  },
  "1.0": {
    "precision": 0.7461926549846767,
    "recall": 0.617132369126387,
    "f1-score": 0.6755537129462791,
    "support": 308924.0
  },
  "accuracy": 0.6907249402132057,
  "macro avg": {
    "precision": 0.6974083672058355,
    "recall": 0.6940701043315387,
    "f1-score": 0.6900472185790752,
    "support": 592104.0
  },
  "weighted avg": {
    "precision": 0.6995294518541042,
    "recall": 0.6907249402132057,
    "f1-score": 0.6894170576461804,
    "support": 592104.0
  }
}