{
  "0.0": {
    "precision": 0.9927271906314604,
    "recall": 1.0,
    "f1-score": 0.9963503236154293,
    "support": 615608.0
  },
  "1.0": {
    "precision": 0.0,
    "recall": 0.0,
    "f1-score": 0.0,
    "support": 4510.0
  },
  "accuracy": 0.9927271906314604,
  "macro avg": {
    "precision": 0.4963635953157302,
    "recall": 0.5,
    "f1-score": 0.49817516180771465,
    "support": 620118.0
  },
  "weighted avg": {
    "precision": 0.985507275019032,
    "recall": 0.9927271906314604,
    "f1-score": 0.9891040576474915,
    "support": 620118.0
  }
}