{
  "0.0": {
    "precision": 0.9880537342075804,
    "recall": 0.9911764234033337,
    "f1-score": 0.9896126154265075,
    "support": 186999.0
  },
  "1.0": {
    "precision": 0.9924655470012878,
    "recall": 0.9897943848623539,
    "f1-score": 0.9911281661912678,
    "support": 219585.0
  },
  "accuracy": 0.9904300218405053,
  "macro avg": {
    "precision": 0.990259640604434,
    "recall": 0.9904854041328438,
    "f1-score": 0.9903703908088877,
    "support": 406584.0
  },
  "weighted avg": {
    "precision": 0.9904364347376214,
    "recall": 0.9904300218405053,
    "f1-score": 0.9904311233232272,
    "support": 406584.0
  }
}