{
  "0.0": {
    "precision": 0.997647632327767,
    "recall": 0.9990279510200838,
    "f1-score": 0.9983373145609411,
    "support": 704697.0
  },
  "1.0": {
    "precision": 0.8185430463576159,
    "recall": 0.6505263157894737,
    "f1-score": 0.7249266862170088,
    "support": 4750.0
  },
  "accuracy": 0.996694608617698,
  "macro avg": {
    "precision": 0.9080953393426914,
    "recall": 0.8247771334047788,
    "f1-score": 0.861632000388975,
    "support": 709447.0
  },
  "weighted avg": {
    "precision": 0.9964484634210578,
    "recall": 0.996694608617698,
    "f1-score": 0.9965067331579135,
    "support": 709447.0
  }
}