{
  "version": 2.8,
  "timestamp": "2025-05-28T07:08:13.000771",
  "description": "EVEREST model trained on SHARP data with evidential and EVT losses.",
  "flare_class": "M5",
  "time_window": "72",
  "hyperparameters": {
    "input_shape": [
      10,
      9
    ],
    "embed_dim": 128,
    "num_heads": 4,
    "ff_dim": 256,
    "num_blocks": 6,
    "dropout": 0.2
  },
  "performance": {
    "accuracy": 0.9967143422975924,
    "TSS": 0.61967179443844,
    "ROC_AUC": 0.9975528674772726,
    "Brier": 0.008834875879554071,
    "ECE": 0.0696244477195214
  },
  "git_info": {
    "commit": "5ff1a61c7700d3630229b919aeaad50877aaf8a8",
    "branch": "pytorch-rewrite"
  },
  "architecture": {
    "name": "EVEREST (PyTorch)",
    "input_shape": [
      10,
      9
    ],
    "num_params": 814090,
    "precision": "torch.float32"
  },
  "framework": "PyTorch",
  "latency_sec_per_batch32": 0.002968151569366455,
  "training_metrics": {
    "total_training_time_s": 960.9612047672272,
    "total_training_time_h": 0.26693366799089646,
    "average_epoch_time_s": 19.2175484085083,
    "fastest_epoch_time_s": 18.098232746124268,
    "slowest_epoch_time_s": 20.981006145477295,
    "epoch_times": [
      20.761067867279053,
      18.80299687385559,
      18.839544534683228,
      18.88098406791687,
      18.31873106956482,
      18.098232746124268,
      18.263429880142212,
      19.024688720703125,
      19.86733365058899,
      19.634532928466797,
      19.672677278518677,
      19.564168691635132,
      19.258687496185303,
      19.15732765197754,
      19.221569538116455,
      19.26768469810486,
      19.259597063064575,
      19.070691347122192,
      19.960347414016724,
      20.981006145477295,
      20.117819786071777,
      20.123518466949463,
      19.593679904937744,
      19.044500589370728,
      19.31451392173767,
      19.603821516036987,
      19.111624717712402,
      19.135921955108643,
      18.923325300216675,
      19.22177028656006,
      19.088096380233765,
      18.961709022521973,
      18.54102873802185,
      18.242188215255737,
      18.542821645736694,
      20.240461111068726,
      19.554510354995728,
      19.746627807617188,
      18.954620599746704,
      19.196297883987427,
      19.201525449752808,
      19.69373655319214,
      19.23531985282898,
      19.327283143997192,
      19.646193981170654,
      19.467917680740356,
      18.32923674583435,
      18.118592739105225,
      18.384183168411255,
      18.30927324295044
    ],
    "epochs_completed": 50,
    "early_stopped": false,
    "gpu_info": {
      "gpu_name": "Quadro RTX 6000",
      "gpu_memory_gb": 23
    },
    "gpu_power_stats": {
      "average_power_w": 141.6325,
      "max_power_w": 142.23,
      "min_power_w": 140.84,
      "power_readings": 4,
      "monitoring_duration_s": 900.2665846347809
    },
    "co2_emissions_kg": null,
    "training_samples": 709447,
    "batch_size": 1024,
    "mixed_precision": true
  }
}