{
  "version": "1.2",
  "timestamp": "2025-04-18T15:19:07.436647",
  "description": "Retraining the best performing model using mixed precision",
  "flare_class": "M",
  "time_window": "48",
  "hyperparameters": {
    "learning_rate": 0.0001,
    "batch_size": 512,
    "early_stopping_patience": 5,
    "epochs": 200,
    "num_transformer_blocks": 6,
    "embed_dim": 128,
    "num_heads": 4,
    "ff_dim": 256,
    "dropout_rate": 0.2,
    "previous_version": "1.1"
  },
  "performance": {
    "final_training_accuracy": 0.9744929075241089,
    "final_training_loss": 0.12400839477777481,
    "epochs_trained": 103
  },
  "git_info": {
    "commit": "365e7dd00cfc559533d8e855b59b95138532eb9a",
    "branch": "main"
  },
  "architecture": {
    "name": "SolarKnowledge",
    "input_shape": [
      10,
      9
    ],
    "num_params": 2000002,
    "precision": "<DTypePolicy \"float32\">"
  },
  "test_results": {
    "accuracy": 0.9765824808184144,
    "precision": 0.5494575622208041,
    "recall": 0.9701408450704225,
    "f1_score": 0.7015685475656956,
    "balanced_accuracy": 0.973455714959329,
    "TSS": 0.9469114299186581
  }
}