{
  "0.0": {
    "precision": 0.9964363685145478,
    "recall": 0.9988331236715395,
    "f1-score": 0.9976333065794077,
    "support": 461060.0
  },
  "1.0": {
    "precision": 0.8287169691181152,
    "recall": 0.6124705882352941,
    "f1-score": 0.7043701799485861,
    "support": 4250.0
  },
  "accuracy": 0.995304205798285,
  "macro avg": {
    "precision": 0.9125766688163315,
    "recall": 0.8056518559534168,
    "f1-score": 0.8510017432639969,
    "support": 465310.0
  },
  "weighted avg": {
    "precision": 0.99490447053807,
    "recall": 0.995304205798285,
    "f1-score": 0.9949547303868028,
    "support": 465310.0
  }
}