{
  "0.0": {
    "precision": 0.9966783088155736,
    "recall": 0.9989567518327332,
    "f1-score": 0.9978162296598474,
    "support": 461060.0
  },
  "1.0": {
    "precision": 0.8494993742177722,
    "recall": 0.6388235294117647,
    "f1-score": 0.7292506043513296,
    "support": 4250.0
  },
  "accuracy": 0.9956674045260149,
  "macro avg": {
    "precision": 0.9230888415166729,
    "recall": 0.818890140622249,
    "f1-score": 0.8635334170055885,
    "support": 465310.0
  },
  "weighted avg": {
    "precision": 0.9953340211964796,
    "recall": 0.9956674045260149,
    "f1-score": 0.995363232931728,
    "support": 465310.0
  }
}