{
  "0.0": {
    "precision": 0.9973148839878304,
    "recall": 0.998926387021212,
    "f1-score": 0.998119985046567,
    "support": 461060.0
  },
  "1.0": {
    "precision": 0.8587731811697575,
    "recall": 0.7082352941176471,
    "f1-score": 0.7762733720180529,
    "support": 4250.0
  },
  "accuracy": 0.9962713030022995,
  "macro avg": {
    "precision": 0.928044032578794,
    "recall": 0.8535808405694295,
    "f1-score": 0.88719667853231,
    "support": 465310.0
  },
  "weighted avg": {
    "precision": 0.996049486216502,
    "recall": 0.9962713030022995,
    "f1-score": 0.9960937055654228,
    "support": 465310.0
  }
}