{
  "0.0": {
    "precision": 0.9908663041843072,
    "recall": 1.0,
    "f1-score": 0.9954122003087319,
    "support": 461060.0
  },
  "1.0": {
    "precision": 0.0,
    "recall": 0.0,
    "f1-score": 0.0,
    "support": 4250.0
  },
  "accuracy": 0.9908663041843072,
  "macro avg": {
    "precision": 0.4954331520921536,
    "recall": 0.5,
    "f1-score": 0.49770610015436595,
    "support": 465310.0
  },
  "weighted avg": {
    "precision": 0.981816032767868,
    "recall": 0.9908663041843072,
    "f1-score": 0.9863204080598825,
    "support": 465310.0
  }
}