{
  "0.0": {
    "precision": 0.9973460819639843,
    "recall": 0.9988349602737063,
    "f1-score": 0.998089965868952,
    "support": 704697.0
  },
  "1.0": {
    "precision": 0.777988101676582,
    "recall": 0.6056842105263158,
    "f1-score": 0.6811079545454546,
    "support": 4750.0
  },
  "accuracy": 0.9962026761689033,
  "macro avg": {
    "precision": 0.8876670918202831,
    "recall": 0.8022595854000111,
    "f1-score": 0.8395989602072034,
    "support": 709447.0
  },
  "weighted avg": {
    "precision": 0.9958774022650565,
    "recall": 0.9962026761689033,
    "f1-score": 0.9959676585594749,
    "support": 709447.0
  }
}