{
  "0.0": {
    "precision": 0.9986600711127513,
    "recall": 0.9984021501439626,
    "f1-score": 0.9985310939730857,
    "support": 704697.0
  },
  "1.0": {
    "precision": 0.7716950527169505,
    "recall": 0.8012631578947368,
    "f1-score": 0.7862011980995662,
    "support": 4750.0
  },
  "accuracy": 0.9970822344727654,
  "macro avg": {
    "precision": 0.885177561914851,
    "recall": 0.8998326540193498,
    "f1-score": 0.8923661460363259,
    "support": 709447.0
  },
  "weighted avg": {
    "precision": 0.9971404595880284,
    "recall": 0.9970822344727654,
    "f1-score": 0.997109469799047,
    "support": 709447.0
  }
}