{
  "0.0": {
    "precision": 0.9989450055798428,
    "recall": 0.9996821328883194,
    "f1-score": 0.9993134333016056,
    "support": 704697.0
  },
  "1.0": {
    "precision": 0.9470449172576832,
    "recall": 0.8433684210526315,
    "f1-score": 0.8922048997772829,
    "support": 4750.0
  },
  "accuracy": 0.9986355569901627,
  "macro avg": {
    "precision": 0.972994961418763,
    "recall": 0.9215252769704755,
    "f1-score": 0.9457591665394443,
    "support": 709447.0
  },
  "weighted avg": {
    "precision": 0.9985975160287835,
    "recall": 0.9986355569901627,
    "f1-score": 0.9985963035734645,
    "support": 709447.0
  }
}