{
  "version": 1.4,
  "timestamp": "2025-05-16T04:32:45.669591",
  "description": "EVEREST model trained on SHARP data with evidential and EVT losses.",
  "flare_class": "M5",
  "time_window": 72,
  "hyperparameters": {
    "input_shape": [
      10,
      9
    ],
    "embed_dim": 128,
    "num_heads": 4,
    "ff_dim": 256,
    "num_blocks": 6,
    "dropout": 0.2
  },
  "performance": {
    "accuracy": 0.9981422149928042,
    "TSS": 0.8260344125486787,
    "ROC_AUC": 0.9991941368156512,
    "Brier": 0.0017555489898005462,
    "ECE": 0.02210317674710258
  },
  "git_info": {
    "commit": "33d665b3d53cd8cce1dbf3a37da7f430c1ebc996",
    "branch": "pytorch-rewrite"
  },
  "architecture": {
    "name": "EVEREST (PyTorch)",
    "input_shape": [
      10,
      9
    ],
    "num_params": 814090,
    "precision": "torch.float32"
  },
  "framework": "PyTorch",
  "latency_sec_per_batch32": 0.003065950870513916
}