{
  "0.0": {
    "precision": 0.994362604191533,
    "recall": 0.9989541604405865,
    "f1-score": 0.9966530940474909,
    "support": 704697.0
  },
  "1.0": {
    "precision": 0.5073529411764706,
    "recall": 0.15978947368421054,
    "f1-score": 0.2430355427473583,
    "support": 4750.0
  },
  "accuracy": 0.9933356543899685,
  "macro avg": {
    "precision": 0.7508577726840018,
    "recall": 0.5793718170623985,
    "f1-score": 0.6198443183974246,
    "support": 709447.0
  },
  "weighted avg": {
    "precision": 0.9911019012788115,
    "recall": 0.9933356543899685,
    "f1-score": 0.9916073564960238,
    "support": 709447.0
  }
}