{
    "24": {
        "C": {
            "accuracy": 0.8361,
            "precision": 0.9708,
            "recall": 0.782,
            "balanced_accuracy": 0.8662,
            "TSS": 0.7323,
            "sensitivity": 0.782,
            "specificity": 0.9504,
            "mean_entropy": 0.5775575637817383,
            "mean_uncertainty": 0.23748679459095,
            "mean_confidence": 0.681974470615387,
            "confusion_matrix": [
                [
                    13086,
                    683
                ],
                [
                    6336,
                    22722
                ]
            ],
            "test_samples": 42827,
            "positive_samples": 29058,
            "negative_samples": 13769,
            "version": "3.4",
            "test_date": "2025-05-09 07:45:52",
            "used_monte_carlo_dropout": true,
            "mc_passes": 30,
            "framework": "pytorch"
        }
    }
}