{
    "24": {
        "C": {
            "accuracy": 0.6771,
            "precision": 0.8262,
            "recall": 0.6637,
            "balanced_accuracy": 0.6845,
            "TSS": 0.3691,
            "sensitivity": 0.6637,
            "specificity": 0.7054,
            "mean_entropy": 0.6656341552734375,
            "mean_uncertainty": 0.29442986845970154,
            "mean_confidence": 0.592886745929718,
            "confusion_matrix": [
                [
                    9712,
                    4057
                ],
                [
                    9771,
                    19287
                ]
            ],
            "test_samples": 42827,
            "positive_samples": 29058,
            "negative_samples": 13769,
            "version": "3.3",
            "test_date": "2025-05-09 07:14:11",
            "used_monte_carlo_dropout": true,
            "mc_passes": 30,
            "framework": "pytorch"
        }
    }
}