{
    "24": {
        "C": {
            "accuracy": 0.8871,
            "precision": 0.9684,
            "recall": 0.8617,
            "balanced_accuracy": 0.9012,
            "TSS": 0.8023,
            "sensitivity": 0.8617,
            "specificity": 0.9406,
            "mean_entropy": 0.538996160030365,
            "mean_uncertainty": 0.19141514599323273,
            "mean_confidence": 0.7239683270454407,
            "confusion_matrix": [
                [
                    12951,
                    818
                ],
                [
                    4018,
                    25040
                ]
            ],
            "test_samples": 42827,
            "positive_samples": 29058,
            "negative_samples": 13769,
            "version": "3.200000000000001",
            "test_date": "2025-05-09 05:11:38",
            "used_monte_carlo_dropout": true,
            "mc_passes": 30,
            "framework": "pytorch"
        }
    }
}