{
  "0.0": {
    "precision": 0.9974262483670325,
    "recall": 0.9985576714527393,
    "f1-score": 0.9979916392364111,
    "support": 461060.0
  },
  "1.0": {
    "precision": 0.8215723101690368,
    "recall": 0.7204705882352941,
    "f1-score": 0.7677071580794785,
    "support": 4250.0
  },
  "accuracy": 0.9960177086243579,
  "macro avg": {
    "precision": 0.9094992792680346,
    "recall": 0.8595141298440168,
    "f1-score": 0.8828493986579449,
    "support": 465310.0
  },
  "weighted avg": {
    "precision": 0.9958200519875403,
    "recall": 0.9960177086243579,
    "f1-score": 0.9958882908344491,
    "support": 465310.0
  }
}