{
  "0.0": {
    "precision": 0.9977335794288337,
    "recall": 0.9995203612332676,
    "f1-score": 0.9986261710863599,
    "support": 704697.0
  },
  "1.0": {
    "precision": 0.9030963302752294,
    "recall": 0.6631578947368421,
    "f1-score": 0.764748725418791,
    "support": 4750.0
  },
  "accuracy": 0.9972682948831978,
  "macro avg": {
    "precision": 0.9504149548520315,
    "recall": 0.8313391279850548,
    "f1-score": 0.8816874482525754,
    "support": 709447.0
  },
  "weighted avg": {
    "precision": 0.9970999493853214,
    "recall": 0.9972682948831978,
    "f1-score": 0.9970602784024512,
    "support": 709447.0
  }
}