{
  "0.0": {
    "precision": 0.996707592667954,
    "recall": 0.9986791306988244,
    "f1-score": 0.9976923876962012,
    "support": 461060.0
  },
  "1.0": {
    "precision": 0.8175554224086279,
    "recall": 0.6421176470588236,
    "f1-score": 0.7192936215076436,
    "support": 4250.0
  },
  "accuracy": 0.9954224065676646,
  "macro avg": {
    "precision": 0.9071315075382909,
    "recall": 0.820398388878824,
    "f1-score": 0.8584930046019223,
    "support": 465310.0
  },
  "weighted avg": {
    "precision": 0.9950712712400841,
    "recall": 0.9954224065676646,
    "f1-score": 0.9951495780503707,
    "support": 465310.0
  }
}