{
  "version": "1.0",
  "timestamp": "2025-04-18T04:44:00.599276",
  "description": "Retraining the best performing model",
  "flare_class": "M",
  "time_window": "24",
  "hyperparameters": {
    "learning_rate": 0.0001,
    "batch_size": 512,
    "early_stopping_patience": 5,
    "epochs": 200,
    "num_transformer_blocks": 6,
    "embed_dim": 128,
    "num_heads": 4,
    "ff_dim": 256,
    "dropout_rate": 0.2
  },
  "performance": {
    "final_training_accuracy": 0.986366331577301,
    "final_training_loss": 0.051013555377721786,
    "epochs_trained": 89
  },
  "git_info": {
    "commit": "365e7dd00cfc559533d8e855b59b95138532eb9a",
    "branch": "main"
  },
  "architecture": {
    "name": "SolarKnowledge",
    "input_shape": [
      10,
      9
    ],
    "num_params": 1999746,
    "precision": "<DTypePolicy \"float32\">"
  },
  "test_results": {
    "accuracy": 0.9910622710622711,
    "precision": 0.8358315488936474,
    "recall": 0.8559941520467836,
    "f1_score": 0.8457927049476345,
    "balanced_accuracy": 0.925519001594965,
    "TSS": 0.8510380031899301
  }
}