{
  "0.0": {
    "precision": 0.9965000248762138,
    "recall": 0.9991562920227303,
    "f1-score": 0.9978263906713496,
    "support": 461060.0
  },
  "1.0": {
    "precision": 0.8712346904998345,
    "recall": 0.6192941176470588,
    "f1-score": 0.7239719433365425,
    "support": 4250.0
  },
  "accuracy": 0.9956867464700953,
  "macro avg": {
    "precision": 0.9338673576880241,
    "recall": 0.8092252048348945,
    "f1-score": 0.8608991670039461,
    "support": 465310.0
  },
  "weighted avg": {
    "precision": 0.9953558894157689,
    "recall": 0.9956867464700953,
    "f1-score": 0.9953250874516189,
    "support": 465310.0
  }
}