{
  "0.0": {
    "precision": 0.9980922684430587,
    "recall": 0.9993004085443815,
    "f1-score": 0.9986959731167661,
    "support": 704697.0
  },
  "1.0": {
    "precision": 0.8734924300744162,
    "recall": 0.7166315789473684,
    "f1-score": 0.7873250838441078,
    "support": 4750.0
  },
  "accuracy": 0.997407840191022,
  "macro avg": {
    "precision": 0.9357923492587374,
    "recall": 0.857965993745875,
    "f1-score": 0.8930105284804369,
    "support": 709447.0
  },
  "weighted avg": {
    "precision": 0.9972580282077047,
    "recall": 0.997407840191022,
    "f1-score": 0.997280769833018,
    "support": 709447.0
  }
}