{
  "version": 2.9,
  "timestamp": "2025-05-28T07:28:22.579138",
  "description": "EVEREST model trained on SHARP data with evidential and EVT losses.",
  "flare_class": "M5",
  "time_window": "72",
  "hyperparameters": {
    "input_shape": [
      10,
      9
    ],
    "embed_dim": 128,
    "num_heads": 4,
    "ff_dim": 256,
    "num_blocks": 6,
    "dropout": 0.2
  },
  "performance": {
    "accuracy": 0.9966438648693983,
    "TSS": 0.6131185167064714,
    "ROC_AUC": 0.9979507987120706,
    "Brier": 0.00744488808055749,
    "ECE": 0.05779438429521051
  },
  "git_info": {
    "commit": "5ff1a61c7700d3630229b919aeaad50877aaf8a8",
    "branch": "pytorch-rewrite"
  },
  "architecture": {
    "name": "EVEREST (PyTorch)",
    "input_shape": [
      10,
      9
    ],
    "num_params": 813574,
    "precision": "torch.float32"
  },
  "framework": "PyTorch",
  "latency_sec_per_batch32": 0.002856588363647461,
  "training_metrics": {
    "total_training_time_s": 896.9352428913116,
    "total_training_time_h": 0.2491486785809199,
    "average_epoch_time_s": 17.937399849891662,
    "fastest_epoch_time_s": 17.143083810806274,
    "slowest_epoch_time_s": 18.3712899684906,
    "epoch_times": [
      17.344167947769165,
      17.33984684944153,
      17.953832149505615,
      17.94647192955017,
      17.967323064804077,
      17.80398154258728,
      17.942702054977417,
      17.914183616638184,
      17.94976305961609,
      17.904968738555908,
      17.72459602355957,
      17.930384397506714,
      17.985284328460693,
      18.016813278198242,
      17.72324776649475,
      17.978113889694214,
      17.937074184417725,
      17.996914386749268,
      17.7573823928833,
      17.95390510559082,
      18.220367193222046,
      17.702436208724976,
      17.422616004943848,
      17.143083810806274,
      17.421198844909668,
      17.36621904373169,
      17.615744590759277,
      18.18170666694641,
      18.026721000671387,
      18.191171169281006,
      18.203707695007324,
      18.23242473602295,
      18.16455340385437,
      17.947775840759277,
      18.154698848724365,
      18.3712899684906,
      18.23614764213562,
      18.1383318901062,
      17.868462562561035,
      18.12088942527771,
      18.105875492095947,
      18.087387561798096,
      18.14980697631836,
      17.896963834762573,
      18.281399726867676,
      18.2104549407959,
      18.134824991226196,
      18.15041947364807,
      17.9493248462677,
      18.103031396865845
    ],
    "epochs_completed": 50,
    "early_stopped": false,
    "gpu_info": {
      "gpu_name": "Quadro RTX 6000",
      "gpu_memory_gb": 23
    },
    "gpu_power_stats": {
      "average_power_w": 140.67999999999998,
      "max_power_w": 141.1,
      "min_power_w": 140.3,
      "power_readings": 3,
      "monitoring_duration_s": 600.188004732132
    },
    "co2_emissions_kg": null,
    "training_samples": 709447,
    "batch_size": 1024,
    "mixed_precision": true
  }
}