{
  "0.0": {
    "precision": 0.9969472646645885,
    "recall": 0.9974732633416148,
    "f1-score": 0.9972101946409475,
    "support": 449196.0
  },
  "1.0": {
    "precision": 0.9590858296384412,
    "recall": 0.9509614697262134,
    "f1-score": 0.9550063712557655,
    "support": 27978.0
  },
  "accuracy": 0.9947461512991068,
  "macro avg": {
    "precision": 0.9780165471515149,
    "recall": 0.9742173665339141,
    "f1-score": 0.9761082829483565,
    "support": 477174.0
  },
  "weighted avg": {
    "precision": 0.9947273465023216,
    "recall": 0.9947461512991068,
    "f1-score": 0.9947356705246491,
    "support": 477174.0
  }
}