{
  "0.0": {
    "precision": 0.9885356094958656,
    "recall": 0.9909197375387034,
    "f1-score": 0.9897262377520036,
    "support": 186999.0
  },
  "1.0": {
    "precision": 0.9922513165460404,
    "recall": 0.990213357014368,
    "f1-score": 0.9912312892762793,
    "support": 219585.0
  },
  "accuracy": 0.9905382405603762,
  "macro avg": {
    "precision": 0.990393463020953,
    "recall": 0.9905665472765357,
    "f1-score": 0.9904787635141414,
    "support": 406584.0
  },
  "weighted avg": {
    "precision": 0.9905423621782452,
    "recall": 0.9905382405603762,
    "f1-score": 0.9905390752934663,
    "support": 406584.0
  }
}