{
  "0.0": {
    "precision": 0.9980059798905567,
    "recall": 0.9976120244653625,
    "f1-score": 0.9978089632925424,
    "support": 461060.0
  },
  "1.0": {
    "precision": 0.7515794223826715,
    "recall": 0.7837647058823529,
    "f1-score": 0.7673347155033402,
    "support": 4250.0
  },
  "accuracy": 0.9956588081064237,
  "macro avg": {
    "precision": 0.8747927011366141,
    "recall": 0.8906883651738577,
    "f1-score": 0.8825718393979414,
    "support": 465310.0
  },
  "weighted avg": {
    "precision": 0.9957551946733713,
    "recall": 0.9956588081064237,
    "f1-score": 0.9957038816198852,
    "support": 465310.0
  }
}