{
  "0.0": {
    "precision": 0.9969287376224231,
    "recall": 0.9990153125406671,
    "f1-score": 0.9979709344209905,
    "support": 461060.0
  },
  "1.0": {
    "precision": 0.8617960426179604,
    "recall": 0.6661176470588235,
    "f1-score": 0.7514266755142668,
    "support": 4250.0
  },
  "accuracy": 0.9959747265264017,
  "macro avg": {
    "precision": 0.9293623901201917,
    "recall": 0.8325664797997453,
    "f1-score": 0.8746988049676286,
    "support": 465310.0
  },
  "weighted avg": {
    "precision": 0.9956944766914975,
    "recall": 0.9959747265264017,
    "f1-score": 0.995719074155031,
    "support": 465310.0
  }
}