{
  "0.0": {
    "precision": 0.9867439360558553,
    "recall": 0.9915721474446387,
    "f1-score": 0.9891521499654586,
    "support": 186999.0
  },
  "1.0": {
    "precision": 0.9927927927927928,
    "recall": 0.9886558735797072,
    "f1-score": 0.9907200146033702,
    "support": 219585.0
  },
  "accuracy": 0.9899971469610216,
  "macro avg": {
    "precision": 0.989768364424324,
    "recall": 0.990114010512173,
    "f1-score": 0.9899360822844144,
    "support": 406584.0
  },
  "weighted avg": {
    "precision": 0.9900107596558505,
    "recall": 0.9899971469610216,
    "f1-score": 0.9899989111673647,
    "support": 406584.0
  }
}