{
  "0.0": {
    "precision": 0.8160701907524839,
    "recall": 0.897994208630553,
    "f1-score": 0.8550744130681857,
    "support": 283180.0
  },
  "1.0": {
    "precision": 0.8970181392961041,
    "recall": 0.8144721679118488,
    "f1-score": 0.8537545383597435,
    "support": 308924.0
  },
  "accuracy": 0.8544174672017079,
  "macro avg": {
    "precision": 0.856544165024294,
    "recall": 0.8562331882712009,
    "f1-score": 0.8544144757139646,
    "support": 592104.0
  },
  "weighted avg": {
    "precision": 0.8583039268121784,
    "recall": 0.8544174672017079,
    "f1-score": 0.854385782397846,
    "support": 592104.0
  }
}