{
  "0.0": {
    "precision": 0.9419121256235238,
    "recall": 0.9996393556487592,
    "f1-score": 0.9699175524504224,
    "support": 449196.0
  },
  "1.0": {
    "precision": 0.6383928571428571,
    "recall": 0.010222317535206233,
    "f1-score": 0.020122423133750792,
    "support": 27978.0
  },
  "accuracy": 0.941627163257009,
  "macro avg": {
    "precision": 0.7901524913831904,
    "recall": 0.5049308365919827,
    "f1-score": 0.4950199877920866,
    "support": 477174.0
  },
  "weighted avg": {
    "precision": 0.9241159714039894,
    "recall": 0.941627163257009,
    "f1-score": 0.9142284995514341,
    "support": 477174.0
  }
}