{
  "0.0": {
    "precision": 0.6766316492297421,
    "recall": 0.6719928983577452,
    "f1-score": 0.6743042960323679,
    "support": 186999.0
  },
  "1.0": {
    "precision": 0.722289884862836,
    "recall": 0.726506819682583,
    "f1-score": 0.7243922152697684,
    "support": 219585.0
  },
  "accuracy": 0.7014343899415619,
  "macro avg": {
    "precision": 0.699460767046289,
    "recall": 0.6992498590201641,
    "f1-score": 0.6993482556510682,
    "support": 406584.0
  },
  "weighted avg": {
    "precision": 0.7012904249599551,
    "recall": 0.7014343899415619,
    "f1-score": 0.7013554238331289,
    "support": 406584.0
  }
}