{
  "0.0": {
    "precision": 0.9986098101182712,
    "recall": 0.948760217847673,
    "f1-score": 0.9730469786291722,
    "support": 601154.0
  },
  "1.0": {
    "precision": 0.5143550853737368,
    "recall": 0.9762403495122389,
    "f1-score": 0.6737363828798596,
    "support": 33418.0
  },
  "accuracy": 0.9502073838744854,
  "macro avg": {
    "precision": 0.7564824477460039,
    "recall": 0.9625002836799559,
    "f1-score": 0.8233916807545159,
    "support": 634572.0
  },
  "weighted avg": {
    "precision": 0.9731078585800488,
    "recall": 0.9502073838744854,
    "f1-score": 0.9572846041645716,
    "support": 634572.0
  }
}