{
  "0.0": {
    "precision": 0.9965481308884948,
    "recall": 0.9974582220196488,
    "f1-score": 0.9970029687651982,
    "support": 601154.0
  },
  "1.0": {
    "precision": 0.953512428123764,
    "recall": 0.937847866419295,
    "f1-score": 0.9456152790139847,
    "support": 33418.0
  },
  "accuracy": 0.9943190055659563,
  "macro avg": {
    "precision": 0.9750302795061294,
    "recall": 0.967653044219472,
    "f1-score": 0.9713091238895915,
    "support": 634572.0
  },
  "weighted avg": {
    "precision": 0.9942817732253899,
    "recall": 0.9943190055659563,
    "f1-score": 0.9942967765346774,
    "support": 634572.0
  }
}