{
  "0.0": {
    "precision": 0.9895394916278498,
    "recall": 0.9894865747945176,
    "f1-score": 0.9895130325037167,
    "support": 186999.0
  },
  "1.0": {
    "precision": 0.9910471549898677,
    "recall": 0.9910922877245714,
    "f1-score": 0.99106972084339,
    "support": 219585.0
  },
  "accuracy": 0.9903537768333235,
  "macro avg": {
    "precision": 0.9902933233088588,
    "recall": 0.9902894312595445,
    "f1-score": 0.9902913766735533,
    "support": 406584.0
  },
  "weighted avg": {
    "precision": 0.9903537397520965,
    "recall": 0.9903537768333235,
    "f1-score": 0.9903537576898214,
    "support": 406584.0
  }
}