{
  "0.0": {
    "precision": 0.9987307791030934,
    "recall": 0.9993827134215131,
    "f1-score": 0.9990566399073947,
    "support": 704697.0
  },
  "1.0": {
    "precision": 0.8986013986013986,
    "recall": 0.8115789473684211,
    "f1-score": 0.8528761061946902,
    "support": 4750.0
  },
  "accuracy": 0.9981253004100377,
  "macro avg": {
    "precision": 0.948666088852246,
    "recall": 0.9054808303949671,
    "f1-score": 0.9259663730510425,
    "support": 709447.0
  },
  "weighted avg": {
    "precision": 0.9980603772867729,
    "recall": 0.9981253004100377,
    "f1-score": 0.9980779092409243,
    "support": 709447.0
  }
}