{
  "version": 1.6,
  "timestamp": "2025-05-16T06:14:20.038167",
  "description": "EVEREST model trained on SHARP data with evidential and EVT losses.",
  "flare_class": "M5",
  "time_window": 72,
  "hyperparameters": {
    "input_shape": [
      10,
      9
    ],
    "embed_dim": 128,
    "num_heads": 4,
    "ff_dim": 256,
    "num_blocks": 6,
    "dropout": 0.2
  },
  "performance": {
    "accuracy": 0.9979420590967331,
    "TSS": 0.8093134334761849,
    "ROC_AUC": 0.99067066121662,
    "Brier": 0.002279389946433302,
    "ECE": 0.008905750507026213
  },
  "git_info": {
    "commit": "33d665b3d53cd8cce1dbf3a37da7f430c1ebc996",
    "branch": "pytorch-rewrite"
  },
  "architecture": {
    "name": "EVEREST (PyTorch)",
    "input_shape": [
      10,
      9
    ],
    "num_params": 813574,
    "precision": "torch.float32"
  },
  "framework": "PyTorch",
  "latency_sec_per_batch32": 0.0029494023323059083
}