{
  "0.0": {
    "precision": 0.9994295177722243,
    "recall": 0.9993869705703302,
    "f1-score": 0.9994082437184432,
    "support": 704697.0
  },
  "1.0": {
    "precision": 0.9096234309623431,
    "recall": 0.9153684210526316,
    "f1-score": 0.9124868835257083,
    "support": 4750.0
  },
  "accuracy": 0.9988244364977229,
  "macro avg": {
    "precision": 0.9545264743672837,
    "recall": 0.9573776958114809,
    "f1-score": 0.9559475636220758,
    "support": 709447.0
  },
  "weighted avg": {
    "precision": 0.9988282340789435,
    "recall": 0.9988244364977229,
    "f1-score": 0.9988262742958992,
    "support": 709447.0
  }
}