{
  "version": "1.0",
  "timestamp": "2025-04-18T05:19:47.628199",
  "description": "Retraining the best performing model",
  "flare_class": "M5",
  "time_window": "24",
  "hyperparameters": {
    "learning_rate": 0.0001,
    "batch_size": 512,
    "early_stopping_patience": 5,
    "epochs": 200,
    "num_transformer_blocks": 6,
    "embed_dim": 128,
    "num_heads": 4,
    "ff_dim": 256,
    "dropout_rate": 0.2
  },
  "performance": {
    "final_training_accuracy": 0.9988095164299011,
    "final_training_loss": 0.015023519285023212,
    "epochs_trained": 93
  },
  "git_info": {
    "commit": "365e7dd00cfc559533d8e855b59b95138532eb9a",
    "branch": "main"
  },
  "architecture": {
    "name": "SolarKnowledge",
    "input_shape": [
      10,
      9
    ],
    "num_params": 1999746,
    "precision": "<DTypePolicy \"float32\">"
  },
  "test_results": {
    "accuracy": 0.999309262166405,
    "precision": 0.8380952380952381,
    "recall": 0.8461538461538461,
    "f1_score": 0.8421052631578947,
    "balanced_accuracy": 0.9228986176081895,
    "TSS": 0.845797235216379
  }
}