{
  "0.0": {
    "precision": 0.9991501352122109,
    "recall": 0.9993216942884673,
    "f1-score": 0.9992359073865833,
    "support": 704697.0
  },
  "1.0": {
    "precision": 0.8967379563620652,
    "recall": 0.8738947368421053,
    "f1-score": 0.8851689945623201,
    "support": 4750.0
  },
  "accuracy": 0.9984819161966997,
  "macro avg": {
    "precision": 0.947944045787138,
    "recall": 0.9366082155652863,
    "f1-score": 0.9422024509744518,
    "support": 709447.0
  },
  "weighted avg": {
    "precision": 0.9984644492490055,
    "recall": 0.9984819161966997,
    "f1-score": 0.9984721888340835,
    "support": 709447.0
  }
}