{
  "0.0": {
    "precision": 0.9968753131925034,
    "recall": 0.9964514376797656,
    "f1-score": 0.996663330368147,
    "support": 449196.0
  },
  "1.0": {
    "precision": 0.9434129717064859,
    "recall": 0.9498534562870827,
    "f1-score": 0.9466222594261492,
    "support": 27978.0
  },
  "accuracy": 0.9937192722151668,
  "macro avg": {
    "precision": 0.9701441424494947,
    "recall": 0.9731524469834242,
    "f1-score": 0.9716427948971481,
    "support": 477174.0
  },
  "weighted avg": {
    "precision": 0.9937406717617134,
    "recall": 0.9937192722151668,
    "f1-score": 0.9937292872668565,
    "support": 477174.0
  }
}