{
  "0.0": {
    "precision": 0.9967315660542053,
    "recall": 0.9980913547043768,
    "f1-score": 0.9974109969233237,
    "support": 461060.0
  },
  "1.0": {
    "precision": 0.7569732118199393,
    "recall": 0.6449411764705882,
    "f1-score": 0.696480752128065,
    "support": 4250.0
  },
  "accuracy": 0.9948657883991318,
  "macro avg": {
    "precision": 0.8768523889370723,
    "recall": 0.8215162655874826,
    "f1-score": 0.8469458745256944,
    "support": 465310.0
  },
  "weighted avg": {
    "precision": 0.9945416861773584,
    "recall": 0.9948657883991318,
    "f1-score": 0.9946623916056219,
    "support": 465310.0
  }
}