{
  "0.0": {
    "precision": 0.9981710999770325,
    "recall": 0.9990847130043125,
    "f1-score": 0.9986276975317704,
    "support": 704697.0
  },
  "1.0": {
    "precision": 0.8428745432399513,
    "recall": 0.728421052631579,
    "f1-score": 0.7814793901750423,
    "support": 4750.0
  },
  "accuracy": 0.9972725235288894,
  "macro avg": {
    "precision": 0.9205228216084919,
    "recall": 0.8637528828179457,
    "f1-score": 0.8900535438534063,
    "support": 709447.0
  },
  "weighted avg": {
    "precision": 0.9971313342940412,
    "recall": 0.9972725235288894,
    "f1-score": 0.9971738123790466,
    "support": 709447.0
  }
}