{
  "version": 3.4,
  "timestamp": "2025-05-28T08:44:46.682673",
  "description": "EVEREST model trained on SHARP data with evidential and EVT losses.",
  "flare_class": "M5",
  "time_window": "72",
  "hyperparameters": {
    "input_shape": [
      10,
      9
    ],
    "embed_dim": 128,
    "num_heads": 4,
    "ff_dim": 256,
    "num_blocks": 6,
    "dropout": 0.2
  },
  "performance": {
    "accuracy": 0.9966156738981207,
    "TSS": 0.6101626339877908,
    "ROC_AUC": 0.9976718767446374,
    "Brier": 0.008194716744075016,
    "ECE": 0.07437670589808652
  },
  "git_info": {
    "commit": "5ff1a61c7700d3630229b919aeaad50877aaf8a8",
    "branch": "pytorch-rewrite"
  },
  "architecture": {
    "name": "EVEREST (PyTorch)",
    "input_shape": [
      10,
      9
    ],
    "num_params": 814090,
    "precision": "torch.float32"
  },
  "framework": "PyTorch",
  "latency_sec_per_batch32": 0.0028951501846313475,
  "training_metrics": {
    "total_training_time_s": 934.9379622936249,
    "total_training_time_h": 0.2597049895260069,
    "average_epoch_time_s": 18.69741509437561,
    "fastest_epoch_time_s": 17.82461714744568,
    "slowest_epoch_time_s": 20.023974895477295,
    "epoch_times": [
      17.828696489334106,
      17.82461714744568,
      18.442118644714355,
      18.40244722366333,
      18.454588174819946,
      18.170027494430542,
      18.41431450843811,
      18.452476978302002,
      18.45925807952881,
      18.372459411621094,
      18.223270177841187,
      18.46513295173645,
      18.48694109916687,
      18.587749481201172,
      18.408961534500122,
      18.564948558807373,
      18.589795351028442,
      18.542842864990234,
      18.549960613250732,
      18.332777500152588,
      18.599992036819458,
      18.58938694000244,
      18.75059151649475,
      18.67138910293579,
      18.438066482543945,
      18.659964323043823,
      18.6489896774292,
      18.69601607322693,
      18.463733673095703,
      18.647092580795288,
      18.662918090820312,
      18.645179748535156,
      18.643670797348022,
      18.700632333755493,
      18.427082538604736,
      18.637461185455322,
      18.669313669204712,
      18.61633014678955,
      18.434099912643433,
      18.68915104866028,
      18.711339712142944,
      20.023974895477295,
      19.747299671173096,
      19.49043321609497,
      19.69189763069153,
      19.631251573562622,
      19.63513445854187,
      19.598270654678345,
      19.416612148284912,
      19.060094594955444
    ],
    "epochs_completed": 50,
    "early_stopped": false,
    "gpu_info": {
      "gpu_name": "Quadro RTX 6000",
      "gpu_memory_gb": 23
    },
    "gpu_power_stats": {
      "average_power_w": 149.7,
      "max_power_w": 149.99,
      "min_power_w": 149.2,
      "power_readings": 4,
      "monitoring_duration_s": 900.2823450565338
    },
    "co2_emissions_kg": null,
    "training_samples": 709447,
    "batch_size": 1024,
    "mixed_precision": true
  }
}