{
  "0.0": {
    "precision": 0.9413870283592224,
    "recall": 1.0,
    "f1-score": 0.9698087136750292,
    "support": 449196.0
  },
  "1.0": {
    "precision": 1.0,
    "recall": 0.000357423690042176,
    "f1-score": 0.0007145919679862799,
    "support": 27978.0
  },
  "accuracy": 0.9413882566946229,
  "macro avg": {
    "precision": 0.9706935141796111,
    "recall": 0.500178711845021,
    "f1-score": 0.48526165282150774,
    "support": 477174.0
  },
  "weighted avg": {
    "precision": 0.9448236651427976,
    "recall": 0.9413882566946229,
    "f1-score": 0.9129881087445014,
    "support": 477174.0
  }
}