{
  "0.0": {
    "precision": 0.9971247320674649,
    "recall": 0.9988765019737127,
    "f1-score": 0.9979998483091892,
    "support": 461060.0
  },
  "1.0": {
    "precision": 0.8494186046511628,
    "recall": 0.6875294117647058,
    "f1-score": 0.7599479843953186,
    "support": 4250.0
  },
  "accuracy": 0.9960327523586426,
  "macro avg": {
    "precision": 0.9232716683593138,
    "recall": 0.8432029568692092,
    "f1-score": 0.8789739163522539,
    "support": 465310.0
  },
  "weighted avg": {
    "precision": 0.9957756292295303,
    "recall": 0.9960327523586426,
    "f1-score": 0.9958255549958411,
    "support": 465310.0
  }
}