{
  "0.0": {
    "precision": 0.998113062995321,
    "recall": 0.9983241024156482,
    "f1-score": 0.9982185715512049,
    "support": 704697.0
  },
  "1.0": {
    "precision": 0.7433166702890676,
    "recall": 0.72,
    "f1-score": 0.7314725697786333,
    "support": 4750.0
  },
  "accuracy": 0.9964606235560937,
  "macro avg": {
    "precision": 0.8707148666421942,
    "recall": 0.8591620512078241,
    "f1-score": 0.8648455706649191,
    "support": 709447.0
  },
  "weighted avg": {
    "precision": 0.99640711052057,
    "recall": 0.9964606235560937,
    "f1-score": 0.9964326121935365,
    "support": 709447.0
  }
}