{
  "version": 4.8,
  "timestamp": "2025-05-28T23:24:41.675898",
  "description": "EVEREST model trained on SHARP data with evidential and EVT losses.",
  "flare_class": "M5",
  "time_window": "72",
  "hyperparameters": {
    "input_shape": [
      10,
      9
    ],
    "embed_dim": 128,
    "num_heads": 4,
    "ff_dim": 256,
    "num_blocks": 6,
    "dropout": 0.2
  },
  "performance": {
    "accuracy": 0.9964014225164106,
    "TSS": 0.5850631737719074,
    "ROC_AUC": 0.9962973924664748,
    "Brier": 0.007451150906615395,
    "ECE": 0.04964328104606013
  },
  "git_info": {
    "commit": "3821b8ea9de491da6a3486ab564bbb9e666a9c97",
    "branch": "pytorch-rewrite"
  },
  "architecture": {
    "name": "EVEREST (PyTorch)",
    "input_shape": [
      10,
      9
    ],
    "num_params": 814090,
    "precision": "torch.float32"
  },
  "framework": "PyTorch",
  "latency_sec_per_batch32": 0.002858257293701172,
  "training_metrics": {
    "total_training_time_s": 931.2031421661377,
    "total_training_time_h": 0.2586675394905938,
    "average_epoch_time_s": 18.62247609615326,
    "fastest_epoch_time_s": 18.203713417053223,
    "slowest_epoch_time_s": 20.116755962371826,
    "epoch_times": [
      20.116755962371826,
      18.203713417053223,
      18.94481873512268,
      18.803603172302246,
      18.811944246292114,
      18.568082332611084,
      18.854954481124878,
      18.75623369216919,
      18.6984806060791,
      18.576432704925537,
      18.349777460098267,
      18.527862548828125,
      18.551204442977905,
      18.54619073867798,
      18.378498315811157,
      18.593111515045166,
      18.58339238166809,
      18.569770336151123,
      18.559342861175537,
      18.362686157226562,
      18.668214321136475,
      18.66457176208496,
      18.661899089813232,
      18.64729380607605,
      18.41858673095703,
      18.70290994644165,
      18.693452835083008,
      18.966918468475342,
      18.73988628387451,
      18.50465154647827,
      18.702293395996094,
      18.782601356506348,
      18.714685916900635,
      18.74843406677246,
      18.342928409576416,
      18.608197450637817,
      18.625211715698242,
      18.572064638137817,
      18.31710195541382,
      18.572108030319214,
      18.548704385757446,
      18.565691709518433,
      18.527203798294067,
      18.28567147254944,
      18.588998079299927,
      18.5755717754364,
      18.53739047050476,
      18.593645095825195,
      18.3615403175354,
      18.528519868850708
    ],
    "epochs_completed": 50,
    "early_stopped": false,
    "gpu_info": {
      "gpu_name": "Quadro RTX 6000",
      "gpu_memory_gb": 23
    },
    "gpu_power_stats": {
      "average_power_w": 135.41,
      "max_power_w": 138.49,
      "min_power_w": 132.62,
      "power_readings": 4,
      "monitoring_duration_s": 900.4250068664551
    },
    "co2_emissions_kg": null,
    "training_samples": 709447,
    "batch_size": 1024,
    "mixed_precision": true
  }
}