{
  "version": 4.3,
  "timestamp": "2025-05-28T20:50:17.444734",
  "description": "EVEREST model trained on SHARP data with evidential and EVT losses.",
  "flare_class": "M5",
  "time_window": "72",
  "hyperparameters": {
    "input_shape": [
      10,
      9
    ],
    "embed_dim": 128,
    "num_heads": 4,
    "ff_dim": 256,
    "num_blocks": 6,
    "dropout": 0.2
  },
  "performance": {
    "accuracy": 0.9967044754576452,
    "TSS": 0.6131795358395173,
    "ROC_AUC": 0.9985028255891688,
    "Brier": 0.005985150431384143,
    "ECE": 0.04009707213173028
  },
  "git_info": {
    "commit": "67f282a9529899517317538d2bf6ac77a70ae0c1",
    "branch": "pytorch-rewrite"
  },
  "architecture": {
    "name": "EVEREST (PyTorch)",
    "input_shape": [
      10,
      9
    ],
    "num_params": 813961,
    "precision": "torch.float32"
  },
  "framework": "PyTorch",
  "latency_sec_per_batch32": 0.00283541202545166,
  "training_metrics": {
    "total_training_time_s": 924.1440556049347,
    "total_training_time_h": 0.2567066821124819,
    "average_epoch_time_s": 18.48124001979828,
    "fastest_epoch_time_s": 17.88286304473877,
    "slowest_epoch_time_s": 19.6809139251709,
    "epoch_times": [
      19.6809139251709,
      17.88286304473877,
      18.386395931243896,
      18.36946988105774,
      18.39270281791687,
      18.128758907318115,
      18.415655851364136,
      18.382021188735962,
      18.444687128067017,
      18.436527490615845,
      18.293259620666504,
      18.43824028968811,
      18.403777837753296,
      18.441120624542236,
      18.262311458587646,
      18.43450617790222,
      18.435332536697388,
      18.403865575790405,
      18.420410633087158,
      18.28667187690735,
      18.487683296203613,
      18.485466957092285,
      18.521637201309204,
      18.470916271209717,
      18.302272081375122,
      18.492775440216064,
      18.457199096679688,
      18.570157051086426,
      18.344302892684937,
      18.548783540725708,
      18.603354692459106,
      18.602118730545044,
      18.595499992370605,
      18.37402892112732,
      18.534750938415527,
      18.552683353424072,
      18.527713298797607,
      18.543960094451904,
      18.35357975959778,
      18.526145696640015,
      18.606540203094482,
      18.641602993011475,
      18.609060049057007,
      18.399027347564697,
      18.63332509994507,
      18.55185103416443,
      18.679820775985718,
      18.632417917251587,
      18.41175675392151,
      18.662076711654663
    ],
    "epochs_completed": 50,
    "early_stopped": false,
    "gpu_info": {
      "gpu_name": "Quadro RTX 6000",
      "gpu_memory_gb": 23
    },
    "gpu_power_stats": {
      "average_power_w": 145.4225,
      "max_power_w": 146.06,
      "min_power_w": 144.65,
      "power_readings": 4,
      "monitoring_duration_s": 900.3008985519409
    },
    "co2_emissions_kg": null,
    "training_samples": 709447,
    "batch_size": 1024,
    "mixed_precision": true
  }
}