{
  "version": 5.0,
  "timestamp": "2025-05-29T01:14:59.893148",
  "description": "EVEREST Ablation Study - Full EVEREST model with all components (baseline) (seed 3)",
  "flare_class": "M5",
  "time_window": "72",
  "hyperparameters": {
    "input_shape": [
      10,
      9
    ],
    "embed_dim": 64,
    "num_blocks": 8,
    "dropout": 0.23876978467047777,
    "ablation_variant": "full_model",
    "ablation_seed": 3,
    "use_attention_bottleneck": true,
    "use_evidential": true,
    "use_evt": true,
    "use_precursor": true,
    "loss_weights": {
      "focal": 0.8,
      "evid": 0.1,
      "evt": 0.1,
      "prec": 0.05
    }
  },
  "performance": {
    "accuracy": 0.9965268723385962,
    "TSS": 0.5872805418486493
  },
  "git_info": {
    "commit": "c7ea6cf76813c99df1dd974ebc9da3aaa8d5a4b2",
    "branch": "pytorch-rewrite"
  },
  "architecture": {
    "name": "EVEREST (PyTorch)",
    "input_shape": [
      10,
      9
    ],
    "num_params": 814090,
    "precision": "torch.float32"
  },
  "framework": "PyTorch",
  "training_metrics": {
    "total_training_time_s": 952.8131783008575,
    "total_training_time_h": 0.26467032730579376,
    "average_epoch_time_s": 19.05470450401306,
    "fastest_epoch_time_s": 18.322400331497192,
    "slowest_epoch_time_s": 20.587016105651855,
    "epoch_times": [
      20.587016105651855,
      18.976046085357666,
      19.337461709976196,
      19.350411653518677,
      19.29167914390564,
      19.05151677131653,
      19.265307426452637,
      19.222143411636353,
      19.2524995803833,
      19.166346073150635,
      19.274009704589844,
      19.266000747680664,
      19.259775161743164,
      19.053642988204956,
      19.26163673400879,
      19.20388150215149,
      19.26353168487549,
      18.631144762039185,
      18.51784086227417,
      18.628790140151978,
      19.429130792617798,
      19.48593831062317,
      19.30202293395996,
      19.079166650772095,
      19.328834056854248,
      19.378377199172974,
      18.47553539276123,
      18.5915687084198,
      18.322400331497192,
      18.628482580184937,
      18.525777578353882,
      18.427410364151,
      18.538121938705444,
      18.344494819641113,
      18.62187957763672,
      18.52079939842224,
      18.520028591156006,
      18.494791746139526,
      19.63861656188965,
      19.250848293304443,
      19.24231481552124,
      19.16412043571472,
      18.96342444419861,
      19.25963568687439,
      19.217400789260864,
      19.21887493133545,
      19.23885202407837,
      19.09861183166504,
      19.268303394317627,
      19.298778772354126
    ],
    "epochs_completed": 50,
    "early_stopped": false,
    "gpu_info": {
      "gpu_name": "Quadro RTX 6000",
      "gpu_memory_gb": 23
    },
    "gpu_power_stats": {
      "average_power_w": 28.1075,
      "max_power_w": 28.19,
      "min_power_w": 28.02,
      "power_readings": 4,
      "monitoring_duration_s": 900.5193138122559
    },
    "co2_emissions_kg": null,
    "training_samples": 709447,
    "batch_size": 1024,
    "mixed_precision": true
  },
  "ablation_metadata": {
    "experiment_type": "component_ablation",
    "variant": "full_model",
    "seed": 3,
    "ablation_config": {
      "use_attention_bottleneck": true,
      "use_evidential": true,
      "use_evt": true,
      "use_precursor": true,
      "loss_weights": {
        "focal": 0.8,
        "evid": 0.1,
        "evt": 0.1,
        "prec": 0.05
      },
      "description": "Full EVEREST model with all components (baseline)"
    },
    "optimal_hyperparams": {
      "embed_dim": 64,
      "num_blocks": 8,
      "dropout": 0.23876978467047777,
      "focal_gamma": 3.4223204654921875,
      "learning_rate": 0.0006926769179941219,
      "batch_size": 1024
    },
    "description": "Full EVEREST model with all components (baseline)"
  }
}