{
  "study_name": "everest_hpo_v4.1_M_72h",
  "flare_class": "M",
  "time_window": "72",
  "n_trials": 166,
  "optimization_time": 5870.9541029930115,
  "timestamp": "2025-05-27T02:13:57.121084",
  "best_trial": {
    "number": 0,
    "value": -1.0,
    "params": {
      "embed_dim": 128,
      "num_blocks": 4,
      "dropout": 0.3531616510212273,
      "focal_gamma": 2.8033450352296265,
      "learning_rate": 0.0005337429672856022,
      "batch_size": 512
    },
    "user_attrs": {
      "accuracy": 0.9873412427330648,
      "brier_score": 0.01760835532370083,
      "precision": 0.8206607236497115,
      "recall": 0.7343969967151572,
      "roc_auc": 0.9921915215744116,
      "specificity": 0.9950860656915429
    }
  },
  "stage_statistics": {
    "unknown": {
      "trials": 166,
      "completed": 166,
      "pruned": 0,
      "failed": 0,
      "best_value": -1.0
    }
  },
  "param_importance": {},
  "top_trials": [
    {
      "number": 0,
      "value": -1.0,
      "params": {
        "embed_dim": 128,
        "num_blocks": 4,
        "dropout": 0.3531616510212273,
        "focal_gamma": 2.8033450352296265,
        "learning_rate": 0.0005337429672856022,
        "batch_size": 512
      },
      "user_attrs": {
        "accuracy": 0.9873412427330648,
        "brier_score": 0.01760835532370083,
        "precision": 0.8206607236497115,
        "recall": 0.7343969967151572,
        "roc_auc": 0.9921915215744116,
        "specificity": 0.9950860656915429
      }
    },
    {
      "number": 1,
      "value": -1.0,
      "params": {
        "embed_dim": 256,
        "num_blocks": 8,
        "dropout": 0.09882285122821466,
        "focal_gamma": 1.8764339456056545,
        "learning_rate": 0.00033235468402367823,
        "batch_size": 512
      },
      "user_attrs": {
        "accuracy": 0.9868254123157998,
        "brier_score": 0.01420129697076036,
        "precision": 0.8488235294117648,
        "recall": 0.677146879399343,
        "roc_auc": 0.9922030680747,
        "specificity": 0.9963073651541711
      }
    },
    {
      "number": 2,
      "value": -1.0,
      "params": {
        "embed_dim": 192,
        "num_blocks": 8,
        "dropout": 0.33293907184076144,
        "focal_gamma": 1.9138413075201122,
        "learning_rate": 0.00022899946502903144,
        "batch_size": 256
      },
      "user_attrs": {
        "accuracy": 0.9865605264258529,
        "brier_score": 0.01273117442327303,
        "precision": 0.9010309278350516,
        "recall": 0.6152041295166588,
        "roc_auc": 0.9925239461605266,
        "specificity": 0.9979309750280181
      }
    },
    {
      "number": 3,
      "value": -1.0,
      "params": {
        "embed_dim": 128,
        "num_blocks": 8,
        "dropout": 0.11469905943393448,
        "focal_gamma": 3.9087538832936755,
        "learning_rate": 0.0005857421224796319,
        "batch_size": 256
      },
      "user_attrs": {
        "accuracy": 0.9782235915738404,
        "brier_score": 0.03818342692012581,
        "precision": 0.8244013683010262,
        "recall": 0.339277334584702,
        "roc_auc": 0.9736235860324309,
        "specificity": 0.997787292738297
      }
    },
    {
      "number": 4,
      "value": -1.0,
      "params": {
        "embed_dim": 256,
        "num_blocks": 8,
        "dropout": 0.17486366434275624,
        "focal_gamma": 1.8428035290621423,
        "learning_rate": 0.0004243904424890484,
        "batch_size": 1024
      },
      "user_attrs": {
        "accuracy": 0.9859610478328151,
        "brier_score": 0.015147251654312905,
        "precision": 0.7914937759336099,
        "recall": 0.7160957297043642,
        "roc_auc": 0.9918255531407432,
        "specificity": 0.9942239719532171
      }
    },
    {
      "number": 5,
      "value": -1.0,
      "params": {
        "embed_dim": 256,
        "num_blocks": 8,
        "dropout": 0.07591562810693163,
        "focal_gamma": 2.0753971856328177,
        "learning_rate": 0.0002348497599653354,
        "batch_size": 256
      },
      "user_attrs": {
        "accuracy": 0.9895579193910413,
        "brier_score": 0.01196918459374851,
        "precision": 0.8780087527352297,
        "recall": 0.7531675269826372,
        "roc_auc": 0.9940411394422259,
        "specificity": 0.9967958849392224
      }
    },
    {
      "number": 6,
      "value": -1.0,
      "params": {
        "embed_dim": 192,
        "num_blocks": 4,
        "dropout": 0.29963567552804826,
        "focal_gamma": 3.2823551458506923,
        "learning_rate": 0.00043546428361480047,
        "batch_size": 256
      },
      "user_attrs": {
        "accuracy": 0.9845669115699368,
        "brier_score": 0.024938484773163832,
        "precision": 0.8872919818456884,
        "recall": 0.5504458000938527,
        "roc_auc": 0.986548064207145,
        "specificity": 0.9978591338831576
      }
    },
    {
      "number": 7,
      "value": -1.0,
      "params": {
        "embed_dim": 256,
        "num_blocks": 8,
        "dropout": 0.13725228020210622,
        "focal_gamma": 2.2311487691068894,
        "learning_rate": 0.0005700554572106822,
        "batch_size": 768
      },
      "user_attrs": {
        "accuracy": 0.9865047609753377,
        "brier_score": 0.015039656906324668,
        "precision": 0.8565297363580625,
        "recall": 0.6555607695917409,
        "roc_auc": 0.9909009599662573,
        "specificity": 0.9966378344205293
      }
    },
    {
      "number": 8,
      "value": -1.0,
      "params": {
        "embed_dim": 64,
        "num_blocks": 8,
        "dropout": 0.23876978467047777,
        "focal_gamma": 3.4223204654921875,
        "learning_rate": 0.0006926769179941219,
        "batch_size": 1024
      },
      "user_attrs": {
        "accuracy": 0.9846087356578231,
        "brier_score": 0.02512029084581182,
        "precision": 0.8457912457912458,
        "recall": 0.5893946503988737,
        "roc_auc": 0.9871519680852978,
        "specificity": 0.9967096755653898
      }
    },
    {
      "number": 9,
      "value": -1.0,
      "params": {
        "embed_dim": 128,
        "num_blocks": 4,
        "dropout": 0.1681653099912698,
        "focal_gamma": 3.8287291117375575,
        "learning_rate": 0.0003130527694136157,
        "batch_size": 1024
      },
      "user_attrs": {
        "accuracy": 0.9836746643616947,
        "brier_score": 0.023214070578999938,
        "precision": 0.7307692307692307,
        "recall": 0.7132801501642422,
        "roc_auc": 0.9896203131777669,
        "specificity": 0.9919537917756257
      }
    }
  ]
}