{
  "study_name": "everest_hpo_v4.1_M_24h",
  "flare_class": "M",
  "time_window": "24",
  "n_trials": 167,
  "optimization_time": 3705.418432235718,
  "timestamp": "2025-05-26T23:43:40.549731",
  "best_trial": {
    "number": 0,
    "value": -1.0,
    "params": {
      "embed_dim": 128,
      "num_blocks": 4,
      "dropout": 0.3531616510212273,
      "focal_gamma": 2.8033450352296265,
      "learning_rate": 0.0005337429672856022,
      "batch_size": 512
    },
    "user_attrs": {
      "accuracy": 0.9837781266352695,
      "brier_score": 0.018925006345745177,
      "precision": 0.783732057416268,
      "recall": 0.5986842105263158,
      "roc_auc": 0.9856026742537455,
      "specificity": 0.9951300450363092
    }
  },
  "stage_statistics": {
    "unknown": {
      "trials": 167,
      "completed": 167,
      "pruned": 0,
      "failed": 0,
      "best_value": -1.0
    }
  },
  "param_importance": {},
  "top_trials": [
    {
      "number": 0,
      "value": -1.0,
      "params": {
        "embed_dim": 128,
        "num_blocks": 4,
        "dropout": 0.3531616510212273,
        "focal_gamma": 2.8033450352296265,
        "learning_rate": 0.0005337429672856022,
        "batch_size": 512
      },
      "user_attrs": {
        "accuracy": 0.9837781266352695,
        "brier_score": 0.018925006345745177,
        "precision": 0.783732057416268,
        "recall": 0.5986842105263158,
        "roc_auc": 0.9856026742537455,
        "specificity": 0.9951300450363092
      }
    },
    {
      "number": 1,
      "value": -1.0,
      "params": {
        "embed_dim": 128,
        "num_blocks": 4,
        "dropout": 0.3531616510212273,
        "focal_gamma": 2.8033450352296265,
        "learning_rate": 0.0005337429672856022,
        "batch_size": 512
      },
      "user_attrs": {
        "accuracy": 0.9832339089481946,
        "brier_score": 0.020486181662136276,
        "precision": 0.7574931880108992,
        "recall": 0.6096491228070176,
        "roc_auc": 0.9851713739999649,
        "specificity": 0.9942465576313918
      }
    },
    {
      "number": 2,
      "value": -1.0,
      "params": {
        "embed_dim": 256,
        "num_blocks": 8,
        "dropout": 0.09882285122821466,
        "focal_gamma": 1.8764339456056545,
        "learning_rate": 0.00033235468402367823,
        "batch_size": 512
      },
      "user_attrs": {
        "accuracy": 0.9860805860805861,
        "brier_score": 0.016103612880657755,
        "precision": 0.8909899888765295,
        "recall": 0.5855263157894737,
        "roc_auc": 0.9892349151550915,
        "specificity": 0.9978882496175145
      }
    },
    {
      "number": 3,
      "value": -1.0,
      "params": {
        "embed_dim": 192,
        "num_blocks": 8,
        "dropout": 0.33293907184076144,
        "focal_gamma": 1.9138413075201122,
        "learning_rate": 0.00022899946502903144,
        "batch_size": 256
      },
      "user_attrs": {
        "accuracy": 0.9847619047619047,
        "brier_score": 0.01746384091463757,
        "precision": 0.7366863905325444,
        "recall": 0.7280701754385965,
        "roc_auc": 0.9896375786219991,
        "specificity": 0.9923287435085224
      }
    },
    {
      "number": 4,
      "value": -1.0,
      "params": {
        "embed_dim": 128,
        "num_blocks": 8,
        "dropout": 0.11469905943393448,
        "focal_gamma": 3.9087538832936755,
        "learning_rate": 0.0005857421224796319,
        "batch_size": 256
      },
      "user_attrs": {
        "accuracy": 0.9821036106750393,
        "brier_score": 0.027821921167874283,
        "precision": 0.8638297872340426,
        "recall": 0.4451754385964912,
        "roc_auc": 0.9809422892190719,
        "specificity": 0.997931346564096
      }
    },
    {
      "number": 5,
      "value": -1.0,
      "params": {
        "embed_dim": 256,
        "num_blocks": 8,
        "dropout": 0.17486366434275624,
        "focal_gamma": 1.8428035290621423,
        "learning_rate": 0.0004243904424890484,
        "batch_size": 1024
      },
      "user_attrs": {
        "accuracy": 0.9848037676609105,
        "brier_score": 0.01864482270751913,
        "precision": 0.7961254612546126,
        "recall": 0.6308479532163743,
        "roc_auc": 0.9864138136046978,
        "specificity": 0.9952377874027625
      }
    },
    {
      "number": 6,
      "value": -1.0,
      "params": {
        "embed_dim": 256,
        "num_blocks": 8,
        "dropout": 0.07591562810693163,
        "focal_gamma": 2.0753971856328177,
        "learning_rate": 0.0002348497599653354,
        "batch_size": 256
      },
      "user_attrs": {
        "accuracy": 0.9822501308215594,
        "brier_score": 0.018983377480726576,
        "precision": 0.7050473186119873,
        "recall": 0.6535087719298246,
        "roc_auc": 0.988043700429848,
        "specificity": 0.9919408709892904
      }
    },
    {
      "number": 7,
      "value": -1.0,
      "params": {
        "embed_dim": 192,
        "num_blocks": 4,
        "dropout": 0.29963567552804826,
        "focal_gamma": 3.2823551458506923,
        "learning_rate": 0.00043546428361480047,
        "batch_size": 256
      },
      "user_attrs": {
        "accuracy": 0.9815593929879645,
        "brier_score": 0.026415893047898837,
        "precision": 0.7152961980548187,
        "recall": 0.591374269005848,
        "roc_auc": 0.9827861249758526,
        "specificity": 0.9930613916004051
      }
    },
    {
      "number": 8,
      "value": -1.0,
      "params": {
        "embed_dim": 256,
        "num_blocks": 8,
        "dropout": 0.13725228020210622,
        "focal_gamma": 2.2311487691068894,
        "learning_rate": 0.0005700554572106822,
        "batch_size": 768
      },
      "user_attrs": {
        "accuracy": 0.9858294086865516,
        "brier_score": 0.016036064876852676,
        "precision": 0.8507614213197969,
        "recall": 0.6125730994152047,
        "roc_auc": 0.9903454491199589,
        "specificity": 0.9968323744262719
      }
    },
    {
      "number": 9,
      "value": -1.0,
      "params": {
        "embed_dim": 64,
        "num_blocks": 8,
        "dropout": 0.23876978467047777,
        "focal_gamma": 3.4223204654921875,
        "learning_rate": 0.0006926769179941219,
        "batch_size": 1024
      },
      "user_attrs": {
        "accuracy": 0.9805546834118263,
        "brier_score": 0.031178743914832226,
        "precision": 0.6877673224978614,
        "recall": 0.5877192982456141,
        "roc_auc": 0.9819561779661945,
        "specificity": 0.9921348072489065
      }
    }
  ]
}