{
  "0.0": {
    "precision": 0.999284810162507,
    "recall": 0.9993004085443815,
    "f1-score": 0.9992926092925738,
    "support": 704697.0
  },
  "1.0": {
    "precision": 0.8959696138425828,
    "recall": 0.8938947368421053,
    "f1-score": 0.8949309727052377,
    "support": 4750.0
  },
  "accuracy": 0.9985946800818102,
  "macro avg": {
    "precision": 0.9476272120025448,
    "recall": 0.9465975726932434,
    "f1-score": 0.9471117909989057,
    "support": 709447.0
  },
  "weighted avg": {
    "precision": 0.9985930781761576,
    "recall": 0.9985946800818102,
    "f1-score": 0.9985938710164377,
    "support": 709447.0
  }
}