{
  "version": 2.1,
  "timestamp": "2025-05-16T12:06:02.274316",
  "description": "EVEREST model trained on SHARP data with evidential and EVT losses.",
  "flare_class": "M5",
  "time_window": 72,
  "hyperparameters": {
    "input_shape": [
      10,
      9
    ],
    "embed_dim": 128,
    "num_heads": 4,
    "ff_dim": 256,
    "num_blocks": 6,
    "dropout": 0.2
  },
  "performance": {
    "accuracy": 0.9980759662103018,
    "TSS": 0.8205309282964437,
    "ROC_AUC": 0.9988854627554373,
    "Brier": 0.0018469169791291878,
    "ECE": 0.010866721040406022
  },
  "git_info": {
    "commit": "33d665b3d53cd8cce1dbf3a37da7f430c1ebc996",
    "branch": "pytorch-rewrite"
  },
  "architecture": {
    "name": "EVEREST (PyTorch)",
    "input_shape": [
      10,
      9
    ],
    "num_params": 814090,
    "precision": "torch.float32"
  },
  "framework": "PyTorch",
  "latency_sec_per_batch32": 0.0030643892288208007
}