{
  "0.0": {
    "precision": 0.9867469302377568,
    "recall": 0.989250582293476,
    "f1-score": 0.9879971701619963,
    "support": 249874.0
  },
  "1.0": {
    "precision": 0.9903321827455017,
    "recall": 0.9880774106434248,
    "f1-score": 0.9892035118247251,
    "support": 278463.0
  },
  "accuracy": 0.9886322555490151,
  "macro avg": {
    "precision": 0.9885395564916293,
    "recall": 0.9886639964684504,
    "f1-score": 0.9886003409933607,
    "support": 528337.0
  },
  "weighted avg": {
    "precision": 0.9886365578221663,
    "recall": 0.9886322555490151,
    "f1-score": 0.9886329793489895,
    "support": 528337.0
  }
}