{
  "0.0": {
    "precision": 0.9977588639621925,
    "recall": 0.9994508278025875,
    "f1-score": 0.9986041291970943,
    "support": 704697.0
  },
  "1.0": {
    "precision": 0.8911392405063291,
    "recall": 0.6669473684210526,
    "f1-score": 0.7629139072847683,
    "support": 4750.0
  },
  "accuracy": 0.9972245988777174,
  "macro avg": {
    "precision": 0.9444490522342608,
    "recall": 0.83319909811182,
    "f1-score": 0.8807590182409313,
    "support": 709447.0
  },
  "weighted avg": {
    "precision": 0.9970450076608545,
    "recall": 0.9972245988777174,
    "f1-score": 0.9970260993314616,
    "support": 709447.0
  }
}