{
  "version": 3.5,
  "timestamp": "2025-05-28T08:51:44.860524",
  "description": "EVEREST model trained on SHARP data with evidential and EVT losses.",
  "flare_class": "M5",
  "time_window": "72",
  "hyperparameters": {
    "input_shape": [
      10,
      9
    ],
    "embed_dim": 128,
    "num_heads": 4,
    "ff_dim": 256,
    "num_blocks": 6,
    "dropout": 0.2
  },
  "performance": {
    "accuracy": 0.9966988372633897,
    "TSS": 0.6305297627343094,
    "ROC_AUC": 0.9983780319768638,
    "Brier": 0.005053907724954496,
    "ECE": 0.036021201637605305
  },
  "git_info": {
    "commit": "5ff1a61c7700d3630229b919aeaad50877aaf8a8",
    "branch": "pytorch-rewrite"
  },
  "architecture": {
    "name": "EVEREST (PyTorch)",
    "input_shape": [
      10,
      9
    ],
    "num_params": 814090,
    "precision": "torch.float32"
  },
  "framework": "PyTorch",
  "latency_sec_per_batch32": 0.0029283738136291503,
  "training_metrics": {
    "total_training_time_s": 921.5264239311218,
    "total_training_time_h": 0.2559795622030894,
    "average_epoch_time_s": 18.429056158065794,
    "fastest_epoch_time_s": 18.00831413269043,
    "slowest_epoch_time_s": 19.512038230895996,
    "epoch_times": [
      19.512038230895996,
      18.068454027175903,
      18.352461576461792,
      18.249148845672607,
      18.504829168319702,
      18.16845440864563,
      18.279537677764893,
      18.607945442199707,
      18.426960945129395,
      18.250725269317627,
      18.38125729560852,
      18.29262948036194,
      18.189953327178955,
      18.63044810295105,
      18.272533893585205,
      18.20561170578003,
      18.614983320236206,
      18.478015661239624,
      18.00831413269043,
      18.512864112854004,
      18.65139150619507,
      18.3471462726593,
      18.55679154396057,
      18.48782467842102,
      18.37455177307129,
      18.510719060897827,
      18.63594651222229,
      18.39863419532776,
      18.26805305480957,
      18.693079471588135,
      18.396328449249268,
      18.461851596832275,
      18.67683219909668,
      18.21341824531555,
      18.404675483703613,
      18.711974143981934,
      18.436282634735107,
      18.34774923324585,
      18.469463109970093,
      18.462471961975098,
      18.350287914276123,
      18.65908455848694,
      18.210254907608032,
      18.224104404449463,
      18.574739456176758,
      18.474061727523804,
      18.228729009628296,
      18.34873080253601,
      18.507022857666016,
      18.36344051361084
    ],
    "epochs_completed": 50,
    "early_stopped": false,
    "gpu_info": {
      "gpu_name": "Quadro RTX 6000",
      "gpu_memory_gb": 23
    },
    "gpu_power_stats": {
      "average_power_w": 160.4,
      "max_power_w": 160.82,
      "min_power_w": 159.22,
      "power_readings": 4,
      "monitoring_duration_s": 900.261075258255
    },
    "co2_emissions_kg": null,
    "training_samples": 709447,
    "batch_size": 1024,
    "mixed_precision": true
  }
}