{
  "0.0": {
    "precision": 0.9877992332561878,
    "recall": 0.987223673988276,
    "f1-score": 0.987511369757769,
    "support": 283180.0
  },
  "1.0": {
    "precision": 0.9882946335845015,
    "recall": 0.9888224935582862,
    "f1-score": 0.9885584931061321,
    "support": 308924.0
  },
  "accuracy": 0.9880578411900612,
  "macro avg": {
    "precision": 0.9880469334203447,
    "recall": 0.9880230837732811,
    "f1-score": 0.9880349314319505,
    "support": 592104.0
  },
  "weighted avg": {
    "precision": 0.9880577031382085,
    "recall": 0.9880578411900612,
    "f1-score": 0.9880576952905635,
    "support": 592104.0
  }
}