{
  "0.0": {
    "precision": 0.9967225143695732,
    "recall": 0.9979185032814184,
    "f1-score": 0.9973201502673731,
    "support": 449196.0
  },
  "1.0": {
    "precision": 0.9659244141550348,
    "recall": 0.9473157480877833,
    "f1-score": 0.9565295847844524,
    "support": 27978.0
  },
  "accuracy": 0.9949515271158949,
  "macro avg": {
    "precision": 0.981323464262304,
    "recall": 0.9726171256846008,
    "f1-score": 0.9769248675259128,
    "support": 477174.0
  },
  "weighted avg": {
    "precision": 0.9949167385984659,
    "recall": 0.9949515271158949,
    "f1-score": 0.9949284892777107,
    "support": 477174.0
  }
}