{
  "0.0": {
    "precision": 0.9968834334465048,
    "recall": 0.9978288242102802,
    "f1-score": 0.9973559047951533,
    "support": 688567.0
  },
  "1.0": {
    "precision": 0.9588799955991969,
    "recall": 0.9419616319913537,
    "f1-score": 0.9503455231916257,
    "support": 37010.0
  },
  "accuracy": 0.9949791683032951,
  "macro avg": {
    "precision": 0.9778817145228509,
    "recall": 0.969895228100817,
    "f1-score": 0.9738507139933895,
    "support": 725577.0
  },
  "weighted avg": {
    "precision": 0.994944966220106,
    "recall": 0.9949791683032951,
    "f1-score": 0.9949580142568003,
    "support": 725577.0
  }
}