{
  "version": "1.0",
  "timestamp": "2025-04-18T10:55:28.110919",
  "description": "Retraining the best performing model",
  "flare_class": "M5",
  "time_window": "72",
  "hyperparameters": {
    "learning_rate": 0.0001,
    "batch_size": 512,
    "early_stopping_patience": 5,
    "epochs": 200,
    "num_transformer_blocks": 6,
    "embed_dim": 128,
    "num_heads": 4,
    "ff_dim": 256,
    "dropout_rate": 0.2
  },
  "performance": {
    "final_training_accuracy": 0.9995127320289612,
    "final_training_loss": 0.00971948727965355,
    "epochs_trained": 91
  },
  "git_info": {
    "commit": "365e7dd00cfc559533d8e855b59b95138532eb9a",
    "branch": "main"
  },
  "architecture": {
    "name": "SolarKnowledge",
    "input_shape": [
      10,
      9
    ],
    "num_params": 1999746,
    "precision": "<DTypePolicy \"float32\">"
  },
  "test_results": {
    "accuracy": 0.9996235832090229,
    "precision": 0.8290598290598291,
    "recall": 0.9326923076923077,
    "f1_score": 0.8778280542986425,
    "balanced_accuracy": 0.9662065377903074,
    "TSS": 0.9324130755806148
  }
}