{
  "0.0": {
    "precision": 0.9973991155693577,
    "recall": 0.998926387021212,
    "f1-score": 0.9981621670824186,
    "support": 461060.0
  },
  "1.0": {
    "precision": 0.8603273137697517,
    "recall": 0.7174117647058823,
    "f1-score": 0.7823967154221195,
    "support": 4250.0
  },
  "accuracy": 0.9963551180933141,
  "macro avg": {
    "precision": 0.9288632146695547,
    "recall": 0.8581690758635472,
    "f1-score": 0.890279441252269,
    "support": 465310.0
  },
  "weighted avg": {
    "precision": 0.9961471434268111,
    "recall": 0.9963551180933141,
    "f1-score": 0.9961914310794178,
    "support": 465310.0
  }
}