{
  "version": "1.2",
  "timestamp": "2025-04-18T14:24:47.179964",
  "description": "Retraining the best performing model using mixed precision",
  "flare_class": "C",
  "time_window": "48",
  "hyperparameters": {
    "learning_rate": 0.0001,
    "batch_size": 512,
    "early_stopping_patience": 5,
    "epochs": 200,
    "num_transformer_blocks": 6,
    "embed_dim": 128,
    "num_heads": 4,
    "ff_dim": 256,
    "dropout_rate": 0.2,
    "previous_version": "1.1"
  },
  "performance": {
    "final_training_accuracy": 0.9822474122047424,
    "final_training_loss": 0.06213628500699997,
    "epochs_trained": 139
  },
  "git_info": {
    "commit": "365e7dd00cfc559533d8e855b59b95138532eb9a",
    "branch": "main"
  },
  "architecture": {
    "name": "SolarKnowledge",
    "input_shape": [
      10,
      9
    ],
    "num_params": 2000002,
    "precision": "<DTypePolicy \"float32\">"
  },
  "test_results": {
    "accuracy": 0.9922160415634007,
    "precision": 0.9954305020908915,
    "recall": 0.9928458967488882,
    "f1_score": 0.9941365195264963,
    "balanced_accuracy": 0.9919068546586569,
    "TSS": 0.9838137093173138
  }
}