{
  "0.0": {
    "precision": 0.9973579209981565,
    "recall": 0.9995728660686791,
    "f1-score": 0.9984641651529208,
    "support": 704697.0
  },
  "1.0": {
    "precision": 0.9054945054945055,
    "recall": 0.6071578947368421,
    "f1-score": 0.7269061121613106,
    "support": 4750.0
  },
  "accuracy": 0.996945508262069,
  "macro avg": {
    "precision": 0.9514262132463309,
    "recall": 0.8033653804027606,
    "f1-score": 0.8626851386571157,
    "support": 709447.0
  },
  "weighted avg": {
    "precision": 0.9967428627575236,
    "recall": 0.996945508262069,
    "f1-score": 0.9966459874007982,
    "support": 709447.0
  }
}