{
  "version": 3.0,
  "timestamp": "2025-05-28T07:49:44.753394",
  "description": "EVEREST model trained on SHARP data with evidential and EVT losses.",
  "flare_class": "M5",
  "time_window": "72",
  "hyperparameters": {
    "input_shape": [
      10,
      9
    ],
    "embed_dim": 128,
    "num_heads": 4,
    "ff_dim": 256,
    "num_blocks": 6,
    "dropout": 0.2
  },
  "performance": {
    "accuracy": 0.9965592919555654,
    "TSS": 0.592749968910347,
    "ROC_AUC": 0.9951951323909798,
    "Brier": 0.008177433551461452,
    "ECE": 0.058410577725566834
  },
  "git_info": {
    "commit": "5ff1a61c7700d3630229b919aeaad50877aaf8a8",
    "branch": "pytorch-rewrite"
  },
  "architecture": {
    "name": "EVEREST (PyTorch)",
    "input_shape": [
      10,
      9
    ],
    "num_params": 813832,
    "precision": "torch.float32"
  },
  "framework": "PyTorch",
  "latency_sec_per_batch32": 0.0028294897079467773,
  "training_metrics": {
    "total_training_time_s": 922.6631076335907,
    "total_training_time_h": 0.2562953076759974,
    "average_epoch_time_s": 18.451671018600464,
    "fastest_epoch_time_s": 17.7923002243042,
    "slowest_epoch_time_s": 20.564514875411987,
    "epoch_times": [
      20.564514875411987,
      18.6564884185791,
      18.809614896774292,
      18.635797023773193,
      19.438222646713257,
      18.839168548583984,
      19.44219136238098,
      18.64029335975647,
      19.304546356201172,
      19.245399475097656,
      18.926620960235596,
      18.313785791397095,
      18.133516788482666,
      18.055635452270508,
      17.87654161453247,
      18.1014506816864,
      18.104700803756714,
      18.067187309265137,
      18.040218591690063,
      17.840383768081665,
      18.03828525543213,
      18.048935174942017,
      18.069398880004883,
      18.027743816375732,
      17.837718725204468,
      18.053503036499023,
      18.164294719696045,
      18.078277587890625,
      18.078332662582397,
      17.7923002243042,
      18.049392223358154,
      18.56103205680847,
      18.2169668674469,
      18.036367177963257,
      18.2417950630188,
      19.217312335968018,
      18.87705707550049,
      18.79506206512451,
      18.570022106170654,
      18.679893493652344,
      18.05584406852722,
      18.031654596328735,
      18.047141313552856,
      17.803590536117554,
      18.12046718597412,
      18.843433380126953,
      18.74263596534729,
      18.82800531387329,
      18.769946813583374,
      18.87086248397827
    ],
    "epochs_completed": 50,
    "early_stopped": false,
    "gpu_info": {
      "gpu_name": "Quadro RTX 6000",
      "gpu_memory_gb": 23
    },
    "gpu_power_stats": {
      "average_power_w": 136.055,
      "max_power_w": 149.89,
      "min_power_w": 131.02,
      "power_readings": 4,
      "monitoring_duration_s": 900.2804231643677
    },
    "co2_emissions_kg": null,
    "training_samples": 709447,
    "batch_size": 1024,
    "mixed_precision": true
  }
}