{
  "0.0": {
    "precision": 0.9876144060862242,
    "recall": 0.9902190704114874,
    "f1-score": 0.9889150231711387,
    "support": 249874.0
  },
  "1.0": {
    "precision": 0.9912024304905617,
    "recall": 0.9888566883212492,
    "f1-score": 0.9900281699255933,
    "support": 278463.0
  },
  "accuracy": 0.9895010192358287,
  "macro avg": {
    "precision": 0.9894084182883929,
    "recall": 0.9895378793663683,
    "f1-score": 0.989471596548366,
    "support": 528337.0
  },
  "weighted avg": {
    "precision": 0.989505494614389,
    "recall": 0.9895010192358287,
    "f1-score": 0.9895017134553431,
    "support": 528337.0
  }
}