{
  "0.0": {
    "precision": 0.9992647904155921,
    "recall": 0.999071941557861,
    "f1-score": 0.9991683566813174,
    "support": 704697.0
  },
  "1.0": {
    "precision": 0.8661481784690954,
    "recall": 0.8909473684210526,
    "f1-score": 0.8783727687837277,
    "support": 4750.0
  },
  "accuracy": 0.9983480090831309,
  "macro avg": {
    "precision": 0.9327064844423438,
    "recall": 0.9450096549894569,
    "f1-score": 0.9387705627325226,
    "support": 709447.0
  },
  "weighted avg": {
    "precision": 0.9983735273519019,
    "recall": 0.9983480090831309,
    "f1-score": 0.9983595872559572,
    "support": 709447.0
  }
}