{
  "0.0": {
    "precision": 0.9890131020227215,
    "recall": 0.9901978085444307,
    "f1-score": 0.989605100715618,
    "support": 186999.0
  },
  "1.0": {
    "precision": 0.9916439111783772,
    "recall": 0.990632329166382,
    "f1-score": 0.9911378620604813,
    "support": 219585.0
  },
  "accuracy": 0.990432481356866,
  "macro avg": {
    "precision": 0.9903285066005494,
    "recall": 0.9904150688554063,
    "f1-score": 0.9903714813880496,
    "support": 406584.0
  },
  "weighted avg": {
    "precision": 0.9904339307529338,
    "recall": 0.990432481356866,
    "f1-score": 0.9904329035802457,
    "support": 406584.0
  }
}