{
  "0.0": {
    "precision": 0.9972987750291794,
    "recall": 0.9991088368476096,
    "f1-score": 0.9982029853835722,
    "support": 704697.0
  },
  "1.0": {
    "precision": 0.819072313454336,
    "recall": 0.5985263157894737,
    "f1-score": 0.6916433523902201,
    "support": 4750.0
  },
  "accuracy": 0.9964267943905606,
  "macro avg": {
    "precision": 0.9081855442417577,
    "recall": 0.7988175763185417,
    "f1-score": 0.8449231688868961,
    "support": 709447.0
  },
  "weighted avg": {
    "precision": 0.9961054854776266,
    "recall": 0.9964267943905606,
    "f1-score": 0.9961504596040306,
    "support": 709447.0
  }
}