{
  "version": 4.6,
  "timestamp": "2025-05-28T22:39:15.190259",
  "description": "EVEREST model trained on SHARP data with evidential and EVT losses.",
  "flare_class": "M5",
  "time_window": "72",
  "hyperparameters": {
    "input_shape": [
      10,
      9
    ],
    "embed_dim": 128,
    "num_heads": 4,
    "ff_dim": 256,
    "num_blocks": 6,
    "dropout": 0.2
  },
  "performance": {
    "accuracy": 0.995934861941766,
    "TSS": 0.49551377295832344,
    "ROC_AUC": 0.9962409904727251,
    "Brier": 0.006743464841213589,
    "ECE": 0.052477644477507045
  },
  "git_info": {
    "commit": "67f282a9529899517317538d2bf6ac77a70ae0c1",
    "branch": "pytorch-rewrite"
  },
  "architecture": {
    "name": "EVEREST (PyTorch)",
    "input_shape": [
      10,
      9
    ],
    "num_params": 813961,
    "precision": "torch.float32"
  },
  "framework": "PyTorch",
  "latency_sec_per_batch32": 0.0028386688232421874,
  "training_metrics": {
    "total_training_time_s": 543.4292993545532,
    "total_training_time_h": 0.15095258315404256,
    "average_epoch_time_s": 18.112206800778708,
    "fastest_epoch_time_s": 17.559628009796143,
    "slowest_epoch_time_s": 18.38663411140442,
    "epoch_times": [
      18.38663411140442,
      17.559628009796143,
      18.151539087295532,
      18.220121383666992,
      18.188210487365723,
      17.74899673461914,
      18.130011796951294,
      18.178361177444458,
      18.172052145004272,
      18.136125802993774,
      17.898603677749634,
      18.153396129608154,
      18.209318161010742,
      18.124200105667114,
      17.914878606796265,
      18.108137607574463,
      18.182042121887207,
      17.998655557632446,
      18.11406373977661,
      17.944843769073486,
      18.23807144165039,
      18.22093677520752,
      18.276925563812256,
      18.009104251861572,
      18.164346933364868,
      18.151742219924927,
      18.23164200782776,
      18.285645484924316,
      18.005096435546875,
      18.26287269592285
    ],
    "epochs_completed": 30,
    "early_stopped": true,
    "gpu_info": {
      "gpu_name": "Quadro RTX 6000",
      "gpu_memory_gb": 23
    },
    "gpu_power_stats": {
      "average_power_w": 147.56,
      "max_power_w": 148.18,
      "min_power_w": 146.94,
      "power_readings": 2,
      "monitoring_duration_s": 300.08863162994385
    },
    "co2_emissions_kg": null,
    "training_samples": 709447,
    "batch_size": 1024,
    "mixed_precision": true
  }
}