{
  "0.0": {
    "precision": 0.9970128173746152,
    "recall": 0.9982648679130699,
    "f1-score": 0.9976384498086591,
    "support": 461060.0
  },
  "1.0": {
    "precision": 0.7820757286842822,
    "recall": 0.6755294117647059,
    "f1-score": 0.7249084711526322,
    "support": 4250.0
  },
  "accuracy": 0.9953171004276719,
  "macro avg": {
    "precision": 0.8895442730294487,
    "recall": 0.8368971398388879,
    "f1-score": 0.8612734604806457,
    "support": 465310.0
  },
  "weighted avg": {
    "precision": 0.9950496473870071,
    "recall": 0.9953171004276719,
    "f1-score": 0.9951474171437946,
    "support": 465310.0
  }
}