{
  "0.0": {
    "precision": 0.9972243512299891,
    "recall": 0.9989849477291459,
    "f1-score": 0.9981038730830157,
    "support": 461060.0
  },
  "1.0": {
    "precision": 0.8637951105937136,
    "recall": 0.6983529411764706,
    "f1-score": 0.7723132969034608,
    "support": 4250.0
  },
  "accuracy": 0.9962390664288324,
  "macro avg": {
    "precision": 0.9305097309118513,
    "recall": 0.8486689444528083,
    "f1-score": 0.8852085849932383,
    "support": 465310.0
  },
  "weighted avg": {
    "precision": 0.9960056491330985,
    "recall": 0.9962390664288324,
    "f1-score": 0.9960415706421416,
    "support": 465310.0
  }
}