{
  "0.0": {
    "precision": 0.9963841925201227,
    "recall": 0.9993102849954453,
    "f1-score": 0.9978450936355544,
    "support": 461060.0
  },
  "1.0": {
    "precision": 0.8901933701657458,
    "recall": 0.6065882352941177,
    "f1-score": 0.7215225300867618,
    "support": 4250.0
  },
  "accuracy": 0.995723281253358,
  "macro avg": {
    "precision": 0.9432887813429343,
    "recall": 0.8029492601447814,
    "f1-score": 0.859683811861158,
    "support": 465310.0
  },
  "weighted avg": {
    "precision": 0.9954142778503194,
    "recall": 0.995723281253358,
    "f1-score": 0.9953212473930874,
    "support": 465310.0
  }
}