{
  "0.0": {
    "precision": 0.9982539254762344,
    "recall": 0.9986973124619517,
    "f1-score": 0.9984755697460536,
    "support": 704697.0
  },
  "1.0": {
    "precision": 0.7931034482758621,
    "recall": 0.7408421052631579,
    "f1-score": 0.7660825078915859,
    "support": 4750.0
  },
  "accuracy": 0.9969708801362188,
  "macro avg": {
    "precision": 0.8956786868760482,
    "recall": 0.8697697088625548,
    "f1-score": 0.8822790388188197,
    "support": 709447.0
  },
  "weighted avg": {
    "precision": 0.9968803700637768,
    "recall": 0.9969708801362188,
    "f1-score": 0.996919615539737,
    "support": 709447.0
  }
}