{
  "version": 4.5,
  "timestamp": "2025-05-28T22:23:45.877666",
  "description": "EVEREST model trained on SHARP data with evidential and EVT losses.",
  "flare_class": "M5",
  "time_window": "72",
  "hyperparameters": {
    "input_shape": [
      10,
      9
    ],
    "embed_dim": 128,
    "num_heads": 4,
    "ff_dim": 256,
    "num_blocks": 6,
    "dropout": 0.2
  },
  "performance": {
    "accuracy": 0.9966748749378037,
    "TSS": 0.623814206373146,
    "ROC_AUC": 0.997996026661104,
    "Brier": 0.00485347051592048,
    "ECE": 0.025694787594621998
  },
  "git_info": {
    "commit": "67f282a9529899517317538d2bf6ac77a70ae0c1",
    "branch": "pytorch-rewrite"
  },
  "architecture": {
    "name": "EVEREST (PyTorch)",
    "input_shape": [
      10,
      9
    ],
    "num_params": 813316,
    "precision": "torch.float32"
  },
  "framework": "PyTorch",
  "latency_sec_per_batch32": 0.002655608654022217,
  "training_metrics": {
    "total_training_time_s": 869.035887002945,
    "total_training_time_h": 0.24139885750081805,
    "average_epoch_time_s": 17.37935959815979,
    "fastest_epoch_time_s": 16.725239753723145,
    "slowest_epoch_time_s": 17.58332586288452,
    "epoch_times": [
      16.725239753723145,
      16.814767837524414,
      17.499147653579712,
      17.403249263763428,
      17.415011167526245,
      17.26145339012146,
      17.480529069900513,
      17.365283489227295,
      17.44581961631775,
      17.455897092819214,
      17.211283922195435,
      17.36824631690979,
      17.450380325317383,
      17.526225328445435,
      17.18151593208313,
      17.416754245758057,
      17.456981658935547,
      17.44907546043396,
      17.433552265167236,
      17.197157859802246,
      17.47049379348755,
      17.288315296173096,
      17.358553171157837,
      17.458627939224243,
      17.23747491836548,
      17.48295283317566,
      17.36151099205017,
      17.461541891098022,
      17.320347785949707,
      17.078832864761353,
      17.437877655029297,
      17.508172750473022,
      17.53613257408142,
      17.55902600288391,
      17.315176248550415,
      17.58332586288452,
      17.4875009059906,
      17.458686590194702,
      17.37979030609131,
      17.271275520324707,
      17.502691507339478,
      17.481812715530396,
      17.507065773010254,
      17.326797246932983,
      17.496315479278564,
      17.449687480926514,
      17.47877812385559,
      17.532435655593872,
      17.245261907577515,
      17.333946466445923
    ],
    "epochs_completed": 50,
    "early_stopped": false,
    "gpu_info": {
      "gpu_name": "Quadro RTX 6000",
      "gpu_memory_gb": 23
    },
    "gpu_power_stats": {
      "average_power_w": 148.11666666666667,
      "max_power_w": 149.02,
      "min_power_w": 146.68,
      "power_readings": 3,
      "monitoring_duration_s": 600.2063522338867
    },
    "co2_emissions_kg": null,
    "training_samples": 709447,
    "batch_size": 1024,
    "mixed_precision": true
  }
}