{
  "0.0": {
    "precision": 0.9971508552846655,
    "recall": 0.9989524140025159,
    "f1-score": 0.9980508216561407,
    "support": 461060.0
  },
  "1.0": {
    "precision": 0.858647936786655,
    "recall": 0.6903529411764706,
    "f1-score": 0.7653580279118299,
    "support": 4250.0
  },
  "accuracy": 0.9961337602888397,
  "macro avg": {
    "precision": 0.9278993960356603,
    "recall": 0.8446526775894933,
    "f1-score": 0.8817044247839854,
    "support": 465310.0
  },
  "weighted avg": {
    "precision": 0.9958858117575189,
    "recall": 0.9961337602888397,
    "f1-score": 0.9959254764595763,
    "support": 465310.0
  }
}