{
  "0.0": {
    "precision": 0.9991658379427407,
    "recall": 0.9994522468521932,
    "f1-score": 0.9993090218757715,
    "support": 704697.0
  },
  "1.0": {
    "precision": 0.9151275285839929,
    "recall": 0.8762105263157894,
    "f1-score": 0.8952462895246289,
    "support": 4750.0
  },
  "accuracy": 0.9986270996987795,
  "macro avg": {
    "precision": 0.9571466832633668,
    "recall": 0.9378313865839913,
    "f1-score": 0.9472776557002003,
    "support": 709447.0
  },
  "weighted avg": {
    "precision": 0.9986031715709695,
    "recall": 0.9986270996987795,
    "f1-score": 0.9986122848698106,
    "support": 709447.0
  }
}