{
  "version": 1.8,
  "timestamp": "2025-05-16T08:05:22.390957",
  "description": "EVEREST model trained on SHARP data with evidential and EVT losses.",
  "flare_class": "M5",
  "time_window": 72,
  "hyperparameters": {
    "input_shape": [
      10,
      9
    ],
    "embed_dim": 128,
    "num_heads": 4,
    "ff_dim": 256,
    "num_blocks": 6,
    "dropout": 0.2
  },
  "performance": {
    "accuracy": 0.9981013380844517,
    "TSS": 0.8331029071603453,
    "ROC_AUC": 0.9989340967222717,
    "Brier": 0.0015813517445338464,
    "ECE": 0.009320861028135933
  },
  "git_info": {
    "commit": "33d665b3d53cd8cce1dbf3a37da7f430c1ebc996",
    "branch": "pytorch-rewrite"
  },
  "architecture": {
    "name": "EVEREST (PyTorch)",
    "input_shape": [
      10,
      9
    ],
    "num_params": 813961,
    "precision": "torch.float32"
  },
  "framework": "PyTorch",
  "latency_sec_per_batch32": 0.0030176854133605957
}