{
  "0.0": {
    "precision": 0.9970203845331771,
    "recall": 0.9995246183820847,
    "f1-score": 0.998270930947785,
    "support": 704697.0
  },
  "1.0": {
    "precision": 0.8875838926174496,
    "recall": 0.5568421052631579,
    "f1-score": 0.684346701164295,
    "support": 4750.0
  },
  "accuracy": 0.9965607015041292,
  "macro avg": {
    "precision": 0.9423021385753134,
    "recall": 0.7781833618226213,
    "f1-score": 0.84130881605604,
    "support": 709447.0
  },
  "weighted avg": {
    "precision": 0.9962876682956009,
    "recall": 0.9965607015041292,
    "f1-score": 0.9961690965733051,
    "support": 709447.0
  }
}