{
  "version": 3.3,
  "timestamp": "2025-05-28T08:29:17.619597",
  "description": "EVEREST model trained on SHARP data with evidential and EVT losses.",
  "flare_class": "M5",
  "time_window": "72",
  "hyperparameters": {
    "input_shape": [
      10,
      9
    ],
    "embed_dim": 128,
    "num_heads": 4,
    "ff_dim": 256,
    "num_blocks": 6,
    "dropout": 0.2
  },
  "performance": {
    "accuracy": 0.9961646183576786,
    "TSS": 0.5283658115686523,
    "ROC_AUC": 0.9955323066434749,
    "Brier": 0.007163169867139282,
    "ECE": 0.05618241131548605
  },
  "git_info": {
    "commit": "5ff1a61c7700d3630229b919aeaad50877aaf8a8",
    "branch": "pytorch-rewrite"
  },
  "architecture": {
    "name": "EVEREST (PyTorch)",
    "input_shape": [
      10,
      9
    ],
    "num_params": 813961,
    "precision": "torch.float32"
  },
  "framework": "PyTorch",
  "latency_sec_per_batch32": 0.002796807289123535,
  "training_metrics": {
    "total_training_time_s": 903.4019205570221,
    "total_training_time_h": 0.25094497793250614,
    "average_epoch_time_s": 18.066761531829833,
    "fastest_epoch_time_s": 17.455909729003906,
    "slowest_epoch_time_s": 18.258488416671753,
    "epoch_times": [
      17.50881338119507,
      17.455909729003906,
      18.10490345954895,
      18.151836395263672,
      18.17789602279663,
      17.89036536216736,
      18.122358083724976,
      18.0337655544281,
      18.040215730667114,
      18.01101779937744,
      17.81472396850586,
      18.08959174156189,
      18.074227809906006,
      18.114346981048584,
      17.816976308822632,
      17.95401692390442,
      18.058573007583618,
      18.09635329246521,
      18.09019160270691,
      17.95149040222168,
      18.19371795654297,
      18.15691614151001,
      18.220990657806396,
      18.158777713775635,
      18.013664960861206,
      18.251904249191284,
      18.20628309249878,
      18.25563955307007,
      18.244505167007446,
      17.934885025024414,
      18.142579317092896,
      18.15487790107727,
      18.093525648117065,
      18.143908977508545,
      17.933125972747803,
      18.087478399276733,
      18.258488416671753,
      18.18637752532959,
      18.177760124206543,
      17.990777492523193,
      18.11944031715393,
      18.14738368988037,
      18.20891523361206,
      18.13986325263977,
      17.972662687301636,
      18.128086805343628,
      18.086665868759155,
      18.161677837371826,
      17.883382558822632,
      18.126240491867065
    ],
    "epochs_completed": 50,
    "early_stopped": false,
    "gpu_info": {
      "gpu_name": "Quadro RTX 6000",
      "gpu_memory_gb": 23
    },
    "gpu_power_stats": {
      "average_power_w": 149.8125,
      "max_power_w": 149.98,
      "min_power_w": 149.47,
      "power_readings": 4,
      "monitoring_duration_s": 900.2858791351318
    },
    "co2_emissions_kg": null,
    "training_samples": 709447,
    "batch_size": 1024,
    "mixed_precision": true
  }
}