{
  "0.0": {
    "precision": 0.9884115150087253,
    "recall": 0.9905752499259627,
    "f1-score": 0.9894921996022347,
    "support": 249874.0
  },
  "1.0": {
    "precision": 0.9915262165546425,
    "recall": 0.9895785077371141,
    "f1-score": 0.9905514047079419,
    "support": 278463.0
  },
  "accuracy": 0.9900499113255365,
  "macro avg": {
    "precision": 0.9899688657816839,
    "recall": 0.9900768788315384,
    "f1-score": 0.9900218021550883,
    "support": 528337.0
  },
  "weighted avg": {
    "precision": 0.9900531360509403,
    "recall": 0.9900499113255365,
    "f1-score": 0.9900504596357939,
    "support": 528337.0
  }
}