{
  "0.0": {
    "precision": 0.997150750417861,
    "recall": 0.9989155424456687,
    "f1-score": 0.9980323662745846,
    "support": 461060.0
  },
  "1.0": {
    "precision": 0.8543972044263249,
    "recall": 0.6903529411764706,
    "f1-score": 0.7636647579385737,
    "support": 4250.0
  },
  "accuracy": 0.9960972255055769,
  "macro avg": {
    "precision": 0.925773977422093,
    "recall": 0.8446342418110697,
    "f1-score": 0.8808485621065791,
    "support": 465310.0
  },
  "weighted avg": {
    "precision": 0.9958468829521628,
    "recall": 0.9960972255055769,
    "f1-score": 0.9958917238309921,
    "support": 465310.0
  }
}