{
  "0.0": {
    "precision": 0.9873451445317704,
    "recall": 0.9909143899165236,
    "f1-score": 0.9891265473451587,
    "support": 186999.0
  },
  "1.0": {
    "precision": 0.992238784152319,
    "recall": 0.9891841428148553,
    "f1-score": 0.9907091089045689,
    "support": 219585.0
  },
  "accuracy": 0.9899799303464967,
  "macro avg": {
    "precision": 0.9897919643420447,
    "recall": 0.9900492663656895,
    "f1-score": 0.9899178281248637,
    "support": 406584.0
  },
  "weighted avg": {
    "precision": 0.9899880666735127,
    "recall": 0.9899799303464967,
    "f1-score": 0.9899812459560807,
    "support": 406584.0
  }
}