{
  "0.0": {
    "precision": 0.9973919636087946,
    "recall": 0.9986682861232812,
    "f1-score": 0.9980297168124329,
    "support": 461060.0
  },
  "1.0": {
    "precision": 0.83224043715847,
    "recall": 0.7167058823529412,
    "f1-score": 0.7701643489254109,
    "support": 4250.0
  },
  "accuracy": 0.9960929272957814,
  "macro avg": {
    "precision": 0.9148162003836322,
    "recall": 0.8576870842381112,
    "f1-score": 0.8840970328689219,
    "support": 465310.0
  },
  "weighted avg": {
    "precision": 0.9958835198027,
    "recall": 0.9960929272957814,
    "f1-score": 0.995948463855222,
    "support": 465310.0
  }
}