{
  "0.0": {
    "precision": 0.98774831960162,
    "recall": 0.9885881742683116,
    "f1-score": 0.9881680684846201,
    "support": 186999.0
  },
  "1.0": {
    "precision": 0.9902746256141023,
    "recall": 0.9895575745155635,
    "f1-score": 0.9899159702148693,
    "support": 219585.0
  },
  "accuracy": 0.9891117210711685,
  "macro avg": {
    "precision": 0.9890114726078612,
    "recall": 0.9890728743919375,
    "f1-score": 0.9890420193497447,
    "support": 406584.0
  },
  "weighted avg": {
    "precision": 0.9891127090162328,
    "recall": 0.9891117210711685,
    "f1-score": 0.9891120628411043,
    "support": 406584.0
  }
}