{
  "0.0": {
    "precision": 0.998580280795213,
    "recall": 0.9991074177980039,
    "f1-score": 0.9988437797478447,
    "support": 704697.0
  },
  "1.0": {
    "precision": 0.8563270899954317,
    "recall": 0.7892631578947369,
    "f1-score": 0.8214285714285714,
    "support": 4750.0
  },
  "accuracy": 0.9977024358408733,
  "macro avg": {
    "precision": 0.9274536853953224,
    "recall": 0.8941852878463704,
    "f1-score": 0.910136175588208,
    "support": 709447.0
  },
  "weighted avg": {
    "precision": 0.9976278450864159,
    "recall": 0.9977024358408733,
    "f1-score": 0.9976559218253831,
    "support": 709447.0
  }
}