{
  "0.0": {
    "precision": 0.9874104845569317,
    "recall": 0.9879370012006498,
    "f1-score": 0.9876736727089147,
    "support": 283180.0
  },
  "1.0": {
    "precision": 0.9889368565256678,
    "recall": 0.9884534707565615,
    "f1-score": 0.9886951045577362,
    "support": 308924.0
  },
  "accuracy": 0.9882064637293448,
  "macro avg": {
    "precision": 0.9881736705412998,
    "recall": 0.9881952359786057,
    "f1-score": 0.9881843886333255,
    "support": 592104.0
  },
  "weighted avg": {
    "precision": 0.9882068529889467,
    "recall": 0.9882064637293448,
    "f1-score": 0.9882065939735326,
    "support": 592104.0
  }
}