{
  "0.0": {
    "precision": 0.9716040890111823,
    "recall": 0.9991609772147734,
    "f1-score": 0.9851898713643811,
    "support": 60785.0
  },
  "1.0": {
    "precision": 0.0,
    "recall": 0.0,
    "f1-score": 0.0,
    "support": 1775.0
  },
  "accuracy": 0.9708120204603581,
  "macro avg": {
    "precision": 0.48580204450559117,
    "recall": 0.4995804886073867,
    "f1-score": 0.49259493568219054,
    "support": 62560.0
  },
  "weighted avg": {
    "precision": 0.9440369972913158,
    "recall": 0.9708120204603581,
    "f1-score": 0.9572373134732082,
    "support": 62560.0
  }
}