{
  "0.0": {
    "precision": 0.9974654203177973,
    "recall": 0.9986661172081724,
    "f1-score": 0.998065407646246,
    "support": 461060.0
  },
  "1.0": {
    "precision": 0.8335588633288228,
    "recall": 0.7247058823529412,
    "f1-score": 0.775330396475771,
    "support": 4250.0
  },
  "accuracy": 0.9961638477574091,
  "macro avg": {
    "precision": 0.9155121418233101,
    "recall": 0.8616859997805568,
    "f1-score": 0.8866979020610084,
    "support": 465310.0
  },
  "weighted avg": {
    "precision": 0.9959683476840625,
    "recall": 0.9961638477574091,
    "f1-score": 0.9960310138067099,
    "support": 465310.0
  }
}