{
  "0.0": {
    "precision": 0.9994889920367925,
    "recall": 0.9991953988735585,
    "f1-score": 0.9993421738917546,
    "support": 704697.0
  },
  "1.0": {
    "precision": 0.8856163001815615,
    "recall": 0.9242105263157895,
    "f1-score": 0.9045019058411455,
    "support": 4750.0
  },
  "accuracy": 0.9986933484812819,
  "macro avg": {
    "precision": 0.942552646109177,
    "recall": 0.961702962594674,
    "f1-score": 0.9519220398664501,
    "support": 709447.0
  },
  "weighted avg": {
    "precision": 0.9987265738627608,
    "recall": 0.9986933484812819,
    "f1-score": 0.9987071845645173,
    "support": 709447.0
  }
}