{
  "version": 1.5,
  "timestamp": "2025-05-16T05:34:10.421281",
  "description": "EVEREST model trained on SHARP data with evidential and EVT losses.",
  "flare_class": "M5",
  "time_window": 72,
  "hyperparameters": {
    "input_shape": [
      10,
      9
    ],
    "embed_dim": 128,
    "num_heads": 4,
    "ff_dim": 256,
    "num_blocks": 6,
    "dropout": 0.2
  },
  "performance": {
    "accuracy": 0.9983169990147256,
    "TSS": 0.8521396757065185,
    "ROC_AUC": 0.9989485768538222,
    "Brier": 0.0014686599482855516,
    "ECE": 0.00909237258832048
  },
  "git_info": {
    "commit": "33d665b3d53cd8cce1dbf3a37da7f430c1ebc996",
    "branch": "pytorch-rewrite"
  },
  "architecture": {
    "name": "EVEREST (PyTorch)",
    "input_shape": [
      10,
      9
    ],
    "num_params": 813832,
    "precision": "torch.float32"
  },
  "framework": "PyTorch",
  "latency_sec_per_batch32": 0.0029492259025573732
}