{
  "0.0": {
    "precision": 0.9992807847532041,
    "recall": 0.9996182756560621,
    "f1-score": 0.9994495017139226,
    "support": 704697.0
  },
  "1.0": {
    "precision": 0.9403812056737588,
    "recall": 0.8932631578947369,
    "f1-score": 0.9162167998272511,
    "support": 4750.0
  },
  "accuracy": 0.998906190314428,
  "macro avg": {
    "precision": 0.9698309952134815,
    "recall": 0.9464407167753994,
    "f1-score": 0.9578331507705868,
    "support": 709447.0
  },
  "weighted avg": {
    "precision": 0.9988864311219571,
    "recall": 0.998906190314428,
    "f1-score": 0.9988922291707139,
    "support": 709447.0
  }
}