{
  "0.0": {
    "precision": 0.9965641037247436,
    "recall": 0.9997474091701823,
    "f1-score": 0.9981532184083108,
    "support": 704697.0
  },
  "1.0": {
    "precision": 0.9287715086034414,
    "recall": 0.4886315789473684,
    "f1-score": 0.6403641881638846,
    "support": 4750.0
  },
  "accuracy": 0.996325306893961,
  "macro avg": {
    "precision": 0.9626678061640925,
    "recall": 0.7441894940587754,
    "f1-score": 0.8192587032860977,
    "support": 709447.0
  },
  "weighted avg": {
    "precision": 0.9961102081880421,
    "recall": 0.996325306893961,
    "f1-score": 0.9957576935929813,
    "support": 709447.0
  }
}