{
  "0.0": {
    "precision": 0.9968643687918075,
    "recall": 0.9984405500368716,
    "f1-score": 0.9976518368660529,
    "support": 461060.0
  },
  "1.0": {
    "precision": 0.7957966486793524,
    "recall": 0.6592941176470588,
    "f1-score": 0.7211427100759233,
    "support": 4250.0
  },
  "accuracy": 0.9953428896864456,
  "macro avg": {
    "precision": 0.89633050873558,
    "recall": 0.8288673338419652,
    "f1-score": 0.859397273470988,
    "support": 465310.0
  },
  "weighted avg": {
    "precision": 0.9950278773979455,
    "recall": 0.9953428896864456,
    "f1-score": 0.995126286611689,
    "support": 465310.0
  }
}