{
  "0.0": {
    "precision": 0.99689663455816,
    "recall": 0.999099900229905,
    "f1-score": 0.9979970513649624,
    "support": 461060.0
  },
  "1.0": {
    "precision": 0.8715567935623646,
    "recall": 0.6625882352941177,
    "f1-score": 0.7528405293409972,
    "support": 4250.0
  },
  "accuracy": 0.9960263050439492,
  "macro avg": {
    "precision": 0.9342267140602623,
    "recall": 0.8308440677620114,
    "f1-score": 0.8754187903529798,
    "support": 465310.0
  },
  "weighted avg": {
    "precision": 0.9957518185769171,
    "recall": 0.9960263050439492,
    "f1-score": 0.9957578662655623,
    "support": 465310.0
  }
}