{
  "version": "1.0",
  "timestamp": "2025-04-18T07:31:07.630079",
  "description": "Retraining the best performing model",
  "flare_class": "M",
  "time_window": "48",
  "hyperparameters": {
    "learning_rate": 0.0001,
    "batch_size": 512,
    "early_stopping_patience": 5,
    "epochs": 200,
    "num_transformer_blocks": 6,
    "embed_dim": 128,
    "num_heads": 4,
    "ff_dim": 256,
    "dropout_rate": 0.2
  },
  "performance": {
    "final_training_accuracy": 0.9925234913825989,
    "final_training_loss": 0.02889615297317505,
    "epochs_trained": 134
  },
  "git_info": {
    "commit": "365e7dd00cfc559533d8e855b59b95138532eb9a",
    "branch": "main"
  },
  "architecture": {
    "name": "SolarKnowledge",
    "input_shape": [
      10,
      9
    ],
    "num_params": 1999746,
    "precision": "<DTypePolicy \"float32\">"
  },
  "test_results": {
    "accuracy": 0.9950607416879795,
    "precision": 0.8979370249728555,
    "recall": 0.931830985915493,
    "f1_score": 0.9145700857063865,
    "balanced_accuracy": 0.9643690588045837,
    "TSS": 0.9287381176091674
  }
}