{
  "0.0": {
    "precision": 0.9953732202342724,
    "recall": 0.9971304285879661,
    "f1-score": 0.9962510495615474,
    "support": 449196.0
  },
  "1.0": {
    "precision": 0.9525841456685672,
    "recall": 0.9255843877332189,
    "f1-score": 0.9388901981400577,
    "support": 27978.0
  },
  "accuracy": 0.9929354910368126,
  "macro avg": {
    "precision": 0.9739786829514199,
    "recall": 0.9613574081605925,
    "f1-score": 0.9675706238508026,
    "support": 477174.0
  },
  "weighted avg": {
    "precision": 0.9928643812610691,
    "recall": 0.9929354910368126,
    "f1-score": 0.9928878279671806,
    "support": 477174.0
  }
}