{
  "0.0": {
    "precision": 0.6557639078398503,
    "recall": 0.7404972105941394,
    "f1-score": 0.6955595026642984,
    "support": 249874.0
  },
  "1.0": {
    "precision": 0.7365990185883271,
    "recall": 0.6511924384927261,
    "f1-score": 0.6912677097966411,
    "support": 278463.0
  },
  "accuracy": 0.6934286260473902,
  "macro avg": {
    "precision": 0.6961814632140887,
    "recall": 0.6958448245434328,
    "f1-score": 0.6934136062304698,
    "support": 528337.0
  },
  "weighted avg": {
    "precision": 0.6983685095322419,
    "recall": 0.6934286260473902,
    "f1-score": 0.6932974889925198,
    "support": 528337.0
  }
}