{
  "0.0": {
    "precision": 0.9986634938227337,
    "recall": 0.9967032490348328,
    "f1-score": 0.9976824085582627,
    "support": 461060.0
  },
  "1.0": {
    "precision": 0.7051406401551892,
    "recall": 0.8552941176470589,
    "f1-score": 0.7729930887825625,
    "support": 4250.0
  },
  "accuracy": 0.9954116610431755,
  "macro avg": {
    "precision": 0.8519020669889614,
    "recall": 0.9259986833409458,
    "f1-score": 0.8853377486704126,
    "support": 465310.0
  },
  "weighted avg": {
    "precision": 0.9959825453623803,
    "recall": 0.9954116610431755,
    "f1-score": 0.9956301646583966,
    "support": 465310.0
  }
}