{
  "0.0": {
    "precision": 0.9991415553881234,
    "recall": 0.9992351322625185,
    "f1-score": 0.9991883416343847,
    "support": 704697.0
  },
  "1.0": {
    "precision": 0.8849274124679761,
    "recall": 0.8726315789473684,
    "f1-score": 0.8787364850540598,
    "support": 4750.0
  },
  "accuracy": 0.9983874764429196,
  "macro avg": {
    "precision": 0.9420344839280498,
    "recall": 0.9359333556049434,
    "f1-score": 0.9389624133442223,
    "support": 709447.0
  },
  "weighted avg": {
    "precision": 0.9983768510777653,
    "recall": 0.9983874764429196,
    "f1-score": 0.9983818736124515,
    "support": 709447.0
  }
}