{
  "0.0": {
    "precision": 0.9970218801221822,
    "recall": 0.9995529993741992,
    "f1-score": 0.9982858353594112,
    "support": 704697.0
  },
  "1.0": {
    "precision": 0.8936170212765957,
    "recall": 0.5570526315789474,
    "f1-score": 0.6862923096874595,
    "support": 4750.0
  },
  "accuracy": 0.9965903020239708,
  "macro avg": {
    "precision": 0.9453194506993889,
    "recall": 0.7783028154765732,
    "f1-score": 0.8422890725234353,
    "support": 709447.0
  },
  "weighted avg": {
    "precision": 0.9963295478133324,
    "recall": 0.9965903020239708,
    "f1-score": 0.9961969277356678,
    "support": 709447.0
  }
}