{
  "0.0": {
    "precision": 0.9980284548812396,
    "recall": 0.9992195227168557,
    "f1-score": 0.9986236336497109,
    "support": 704697.0
  },
  "1.0": {
    "precision": 0.8592990534663597,
    "recall": 0.7071578947368421,
    "f1-score": 0.7758401663009585,
    "support": 4750.0
  },
  "accuracy": 0.9972640662375061,
  "macro avg": {
    "precision": 0.9286637541737996,
    "recall": 0.8531887087268488,
    "f1-score": 0.8872318999753347,
    "support": 709447.0
  },
  "weighted avg": {
    "precision": 0.9970996121957104,
    "recall": 0.9972640662375061,
    "f1-score": 0.9971320190965355,
    "support": 709447.0
  }
}