{
  "version": 3.8,
  "timestamp": "2025-05-28T18:59:16.150887",
  "description": "EVEREST model trained on SHARP data with evidential and EVT losses.",
  "flare_class": "M5",
  "time_window": "72",
  "hyperparameters": {
    "input_shape": [
      10,
      9
    ],
    "embed_dim": 128,
    "num_heads": 4,
    "ff_dim": 256,
    "num_blocks": 6,
    "dropout": 0.2
  },
  "performance": {
    "accuracy": 0.9967213900404117,
    "TSS": 0.633270861988384,
    "ROC_AUC": 0.9982493957276002,
    "Brier": 0.005184169226417508,
    "ECE": 0.037024148281507345
  },
  "git_info": {
    "commit": "67f282a9529899517317538d2bf6ac77a70ae0c1",
    "branch": "pytorch-rewrite"
  },
  "architecture": {
    "name": "EVEREST (PyTorch)",
    "input_shape": [
      10,
      9
    ],
    "num_params": 814090,
    "precision": "torch.float32"
  },
  "framework": "PyTorch",
  "latency_sec_per_batch32": 0.002882206439971924,
  "training_metrics": {
    "total_training_time_s": 932.7626314163208,
    "total_training_time_h": 0.259100730948978,
    "average_epoch_time_s": 18.653762645721436,
    "fastest_epoch_time_s": 17.981609106063843,
    "slowest_epoch_time_s": 19.736058950424194,
    "epoch_times": [
      19.736058950424194,
      17.981609106063843,
      18.4359290599823,
      18.555541038513184,
      18.489532232284546,
      18.328992128372192,
      18.603246212005615,
      18.660326957702637,
      18.598052740097046,
      18.693678617477417,
      18.512577056884766,
      18.646239280700684,
      18.647750854492188,
      18.63489866256714,
      18.655850410461426,
      18.518033266067505,
      18.70828628540039,
      18.654359579086304,
      18.643914222717285,
      18.37181544303894,
      18.751229524612427,
      18.766438961029053,
      18.71485447883606,
      18.746453523635864,
      18.55123496055603,
      18.71426033973694,
      18.8035991191864,
      18.752251386642456,
      18.73916268348694,
      18.533653736114502,
      18.698203563690186,
      18.70649743080139,
      18.674092292785645,
      18.687674522399902,
      18.518702745437622,
      18.673300981521606,
      18.693063020706177,
      18.704915046691895,
      18.508429288864136,
      18.6957368850708,
      18.674235105514526,
      18.678828954696655,
      18.717037439346313,
      18.44682812690735,
      18.665223360061646,
      18.743097066879272,
      18.845484733581543,
      18.956421613693237,
      18.545104265213013,
      18.705425024032593
    ],
    "epochs_completed": 50,
    "early_stopped": false,
    "gpu_info": {
      "gpu_name": "Quadro RTX 6000",
      "gpu_memory_gb": 23
    },
    "gpu_power_stats": {
      "average_power_w": 239.2025,
      "max_power_w": 265.53,
      "min_power_w": 196.42,
      "power_readings": 4,
      "monitoring_duration_s": 900.275817155838
    },
    "co2_emissions_kg": null,
    "training_samples": 709447,
    "batch_size": 1024,
    "mixed_precision": true
  }
}