{
  "0.0": {
    "precision": 0.9716272378516624,
    "recall": 1.0,
    "f1-score": 0.9856094693745187,
    "support": 60785.0
  },
  "1.0": {
    "precision": 0.0,
    "recall": 0.0,
    "f1-score": 0.0,
    "support": 1775.0
  },
  "accuracy": 0.9716272378516624,
  "macro avg": {
    "precision": 0.4858136189258312,
    "recall": 0.5,
    "f1-score": 0.4928047346872593,
    "support": 62560.0
  },
  "weighted avg": {
    "precision": 0.944059489335251,
    "recall": 0.9716272378516624,
    "f1-score": 0.9576450063288061,
    "support": 62560.0
  }
}