{
  "0.0": {
    "precision": 0.9993481232941069,
    "recall": 0.9985997582877415,
    "f1-score": 0.9989738006345699,
    "support": 615608.0
  },
  "1.0": {
    "precision": 0.8265942466304567,
    "recall": 0.9110864745011087,
    "f1-score": 0.8667862039869212,
    "support": 4510.0
  },
  "accuracy": 0.9979632908575464,
  "macro avg": {
    "precision": 0.9129711849622818,
    "recall": 0.9548431163944251,
    "f1-score": 0.9328800023107455,
    "support": 620118.0
  },
  "weighted avg": {
    "precision": 0.9980917172814561,
    "recall": 0.9979632908575464,
    "f1-score": 0.9980124254432661,
    "support": 620118.0
  }
}