{
  "0.0": {
    "precision": 0.9965520374127734,
    "recall": 0.9992365418817507,
    "f1-score": 0.9978924842044615,
    "support": 461060.0
  },
  "1.0": {
    "precision": 0.8829787234042553,
    "recall": 0.6249411764705882,
    "f1-score": 0.7318820611738771,
    "support": 4250.0
  },
  "accuracy": 0.9958178418688616,
  "macro avg": {
    "precision": 0.9397653804085144,
    "recall": 0.8120888591761695,
    "f1-score": 0.8648872726891693,
    "support": 465310.0
  },
  "weighted avg": {
    "precision": 0.9955146933098395,
    "recall": 0.9958178418688616,
    "f1-score": 0.9954628259166963,
    "support": 465310.0
  }
}