{
  "version": "1.1",
  "timestamp": "2025-04-18T04:09:22.817344",
  "description": "Retraining the best performing model",
  "flare_class": "C",
  "time_window": "24",
  "hyperparameters": {
    "learning_rate": 0.0001,
    "batch_size": 512,
    "early_stopping_patience": 5,
    "epochs": 200,
    "num_transformer_blocks": 6,
    "embed_dim": 128,
    "num_heads": 4,
    "ff_dim": 256,
    "dropout_rate": 0.2,
    "previous_version": "1.0"
  },
  "performance": {
    "final_training_accuracy": 0.9831181168556213,
    "final_training_loss": 0.0615115612745285,
    "epochs_trained": 139
  },
  "git_info": {
    "commit": "365e7dd00cfc559533d8e855b59b95138532eb9a",
    "branch": "main"
  },
  "architecture": {
    "name": "SolarKnowledge",
    "input_shape": [
      10,
      9
    ],
    "num_params": 1999746,
    "precision": "<DTypePolicy \"float32\">"
  },
  "test_results": {
    "accuracy": 0.9916874868657622,
    "precision": 0.9954429330939722,
    "recall": 0.9922912795099457,
    "f1_score": 0.9938646077485178,
    "balanced_accuracy": 0.9913522633296696,
    "TSS": 0.9827045266593393
  }
}