{
  "0.0": {
    "precision": 0.9991162957614821,
    "recall": 0.9995274564812963,
    "f1-score": 0.9993218338294256,
    "support": 704697.0
  },
  "1.0": {
    "precision": 0.9253363228699552,
    "recall": 0.8688421052631579,
    "f1-score": 0.896199782844734,
    "support": 4750.0
  },
  "accuracy": 0.9986524715729294,
  "macro avg": {
    "precision": 0.9622263093157186,
    "recall": 0.934184780872227,
    "f1-score": 0.9477608083370799,
    "support": 709447.0
  },
  "weighted avg": {
    "precision": 0.998622312601028,
    "recall": 0.9986524715729294,
    "f1-score": 0.9986313950197931,
    "support": 709447.0
  }
}