{
  "0.0": {
    "precision": 0.9989198662195752,
    "recall": 0.998906866785234,
    "f1-score": 0.9989133664601123,
    "support": 461060.0
  },
  "1.0": {
    "precision": 0.881578947368421,
    "recall": 0.8828235294117647,
    "f1-score": 0.8822007994356924,
    "support": 4250.0
  },
  "accuracy": 0.9978465968923943,
  "macro avg": {
    "precision": 0.9402494067939982,
    "recall": 0.9408651980984993,
    "f1-score": 0.9405570829479024,
    "support": 465310.0
  },
  "weighted avg": {
    "precision": 0.9978481099600548,
    "recall": 0.9978465968923943,
    "f1-score": 0.9978473493750426,
    "support": 465310.0
  }
}