{
  "0.0": {
    "precision": 0.6574027573790685,
    "recall": 0.7420253584243766,
    "f1-score": 0.6971555182644215,
    "support": 186999.0
  },
  "1.0": {
    "precision": 0.7532606360669825,
    "recall": 0.6706878885169753,
    "f1-score": 0.709580124259514,
    "support": 219585.0
  },
  "accuracy": 0.7034979241681916,
  "macro avg": {
    "precision": 0.7053316967230254,
    "recall": 0.706356623470676,
    "f1-score": 0.7033678212619677,
    "support": 406584.0
  },
  "weighted avg": {
    "precision": 0.7091729999161225,
    "recall": 0.7034979241681916,
    "f1-score": 0.7038657112563552,
    "support": 406584.0
  }
}