{
  "0.0": {
    "precision": 0.99800057572075,
    "recall": 0.9987171791564318,
    "f1-score": 0.998358748847436,
    "support": 704697.0
  },
  "1.0": {
    "precision": 0.7869934024505184,
    "recall": 0.7031578947368421,
    "f1-score": 0.7427173671336447,
    "support": 4750.0
  },
  "accuracy": 0.9967383046231784,
  "macro avg": {
    "precision": 0.8924969890856342,
    "recall": 0.850937536946637,
    "f1-score": 0.8705380579905404,
    "support": 709447.0
  },
  "weighted avg": {
    "precision": 0.9965878076450042,
    "recall": 0.9967383046231784,
    "f1-score": 0.9966471388707352,
    "support": 709447.0
  }
}