{
  "version": 4.7,
  "timestamp": "2025-05-28T23:02:35.657476",
  "description": "EVEREST model trained on SHARP data with evidential and EVT losses.",
  "flare_class": "M5",
  "time_window": "72",
  "hyperparameters": {
    "input_shape": [
      10,
      9
    ],
    "embed_dim": 128,
    "num_heads": 4,
    "ff_dim": 256,
    "num_blocks": 6,
    "dropout": 0.2
  },
  "performance": {
    "accuracy": 0.9960955504780484,
    "TSS": 0.5556893300079861,
    "ROC_AUC": 0.9978812153905938,
    "Brier": 0.006824013516060435,
    "ECE": 0.04289516893007052
  },
  "git_info": {
    "commit": "3821b8ea9de491da6a3486ab564bbb9e666a9c97",
    "branch": "pytorch-rewrite"
  },
  "architecture": {
    "name": "EVEREST (PyTorch)",
    "input_shape": [
      10,
      9
    ],
    "num_params": 813961,
    "precision": "torch.float32"
  },
  "framework": "PyTorch",
  "latency_sec_per_batch32": 0.002834465503692627,
  "training_metrics": {
    "total_training_time_s": 904.070173740387,
    "total_training_time_h": 0.25113060381677416,
    "average_epoch_time_s": 18.079930038452147,
    "fastest_epoch_time_s": 17.211894035339355,
    "slowest_epoch_time_s": 19.3752498626709,
    "epoch_times": [
      19.3752498626709,
      17.685002088546753,
      18.111647844314575,
      18.047161102294922,
      18.16538166999817,
      17.91258454322815,
      18.186542749404907,
      18.05162739753723,
      18.138845205307007,
      17.945737838745117,
      17.735920667648315,
      18.079895973205566,
      18.05164909362793,
      18.021220922470093,
      17.7750084400177,
      17.977436304092407,
      18.003575801849365,
      18.05021023750305,
      18.03260564804077,
      17.855003356933594,
      18.16025948524475,
      18.197765350341797,
      18.27344012260437,
      18.18696355819702,
      17.974600553512573,
      18.239360094070435,
      18.215484857559204,
      18.24675989151001,
      18.240443229675293,
      18.007145643234253,
      18.22733974456787,
      18.21486496925354,
      18.26559066772461,
      18.0087411403656,
      18.166504859924316,
      18.197484016418457,
      18.287241458892822,
      18.425198793411255,
      18.020788192749023,
      18.253909587860107,
      18.240718364715576,
      18.2854905128479,
      18.383769989013672,
      18.096728801727295,
      18.258440494537354,
      18.047351837158203,
      17.429896116256714,
      17.450202703475952,
      17.211894035339355,
      17.579816102981567
    ],
    "epochs_completed": 50,
    "early_stopped": false,
    "gpu_info": {
      "gpu_name": "Quadro RTX 6000",
      "gpu_memory_gb": 23
    },
    "gpu_power_stats": {
      "average_power_w": 137.8175,
      "max_power_w": 139.51,
      "min_power_w": 136.17,
      "power_readings": 4,
      "monitoring_duration_s": 900.2800984382629
    },
    "co2_emissions_kg": null,
    "training_samples": 709447,
    "batch_size": 1024,
    "mixed_precision": true
  }
}