{
  "0.0": {
    "precision": 0.8139510017075849,
    "recall": 0.8870824210749346,
    "f1-score": 0.8489446657080143,
    "support": 283180.0
  },
  "1.0": {
    "precision": 0.887202316910128,
    "recall": 0.8141322784892077,
    "f1-score": 0.8490981676386932,
    "support": 308924.0
  },
  "accuracy": 0.8490214556902166,
  "macro avg": {
    "precision": 0.8505766593088564,
    "recall": 0.8506073497820712,
    "f1-score": 0.8490214166733537,
    "support": 592104.0
  },
  "weighted avg": {
    "precision": 0.852169100719972,
    "recall": 0.8490214556902166,
    "f1-score": 0.8490247537169334,
    "support": 592104.0
  }
}