{
  "0.0": {
    "precision": 0.9173830820342448,
    "recall": 0.9507345151493749,
    "f1-score": 0.9337610876520623,
    "support": 283180.0
  },
  "1.0": {
    "precision": 0.9532831707570263,
    "recall": 0.9215146767489738,
    "f1-score": 0.937129764810642,
    "support": 308924.0
  },
  "accuracy": 0.9354893734884412,
  "macro avg": {
    "precision": 0.9353331263956355,
    "recall": 0.9361245959491744,
    "f1-score": 0.9354454262313522,
    "support": 592104.0
  },
  "weighted avg": {
    "precision": 0.9361135736515901,
    "recall": 0.9354893734884412,
    "f1-score": 0.9355186593329445,
    "support": 592104.0
  }
}