{
  "accuracy": 0.9994423454948487,
  "precision": 0.8137254901960784,
  "recall": 0.7980769230769231,
  "f1": 0.8058252427184466,
  "roc_auc": 0.9998589072358706,
  "brier": 0.0012263244118521136,
  "log_loss": 0.014960815504551571,
  "tss": 0.7978116524939374
}