{
  "accuracy": 0.9991914009675306,
  "precision": 0.6575342465753424,
  "recall": 0.9230769230769231,
  "f1": 0.768,
  "roc_auc": 0.9992503691770708,
  "brier": 0.0011725476234821163,
  "log_loss": 0.011344111108511487,
  "tss": 0.922378842708794
}