{
  "accuracy": 0.9992053423301593,
  "precision": 0.6459627329192547,
  "recall": 1.0,
  "f1": 0.7849056603773585,
  "roc_auc": 0.999949254933548,
  "brier": 0.000959051349888268,
  "log_loss": 0.008392784710131964,
  "tss": 0.9992041883853822
}