{
  "accuracy": 0.9991216941543867,
  "precision": 0.664,
  "recall": 0.7980769230769231,
  "f1": 0.7248908296943232,
  "roc_auc": 0.9938516579406632,
  "brier": 0.0006558096534006351,
  "log_loss": 0.003146896084135889,
  "tss": 0.7974905355654904
}