{
  "accuracy": 0.9993168732311896,
  "precision": 0.7777777777777778,
  "recall": 0.7403846153846154,
  "f1": 0.7586206896551724,
  "roc_auc": 0.9997678883071552,
  "brier": 0.0012129532912125251,
  "log_loss": 0.011436635957883346,
  "tss": 0.740077459990423
}