{
  "0.0": {
    "precision": 0.9968017380541238,
    "recall": 0.999106406975231,
    "f1-score": 0.9979527419176634,
    "support": 461060.0
  },
  "1.0": {
    "precision": 0.8706030150753769,
    "recall": 0.652235294117647,
    "f1-score": 0.7457627118644068,
    "support": 4250.0
  },
  "accuracy": 0.995938191743139,
  "macro avg": {
    "precision": 0.9337023765647503,
    "recall": 0.825670850546439,
    "f1-score": 0.871857726891035,
    "support": 465310.0
  },
  "weighted avg": {
    "precision": 0.9956490773061071,
    "recall": 0.995938191743139,
    "f1-score": 0.9956493148954064,
    "support": 465310.0
  }
}