{
  "version": 3.7,
  "timestamp": "2025-05-28T18:34:25.944434",
  "description": "EVEREST model trained on SHARP data with evidential and EVT losses.",
  "flare_class": "M5",
  "time_window": "72",
  "hyperparameters": {
    "input_shape": [
      10,
      9
    ],
    "embed_dim": 128,
    "num_heads": 4,
    "ff_dim": 256,
    "num_blocks": 6,
    "dropout": 0.2
  },
  "performance": {
    "accuracy": 0.9966043975096096,
    "TSS": 0.6051327072025454,
    "ROC_AUC": 0.9960339684625934,
    "Brier": 0.008674490333160577,
    "ECE": 0.07047403084600731
  },
  "git_info": {
    "commit": "67f282a9529899517317538d2bf6ac77a70ae0c1",
    "branch": "pytorch-rewrite"
  },
  "architecture": {
    "name": "EVEREST (PyTorch)",
    "input_shape": [
      10,
      9
    ],
    "num_params": 814090,
    "precision": "torch.float32"
  },
  "framework": "PyTorch",
  "latency_sec_per_batch32": 0.0028606224060058593,
  "training_metrics": {
    "total_training_time_s": 921.4639368057251,
    "total_training_time_h": 0.255962204668257,
    "average_epoch_time_s": 18.427785410881043,
    "fastest_epoch_time_s": 17.94042181968689,
    "slowest_epoch_time_s": 19.86823797225952,
    "epoch_times": [
      19.86823797225952,
      17.94042181968689,
      18.371663331985474,
      18.42311120033264,
      18.405072450637817,
      18.130975484848022,
      18.355929374694824,
      18.370163917541504,
      18.383116483688354,
      18.36510920524597,
      18.16815423965454,
      18.36872887611389,
      18.382790565490723,
      18.37501287460327,
      18.16974186897278,
      18.372844219207764,
      18.384260177612305,
      18.391350746154785,
      18.387418031692505,
      18.14149284362793,
      18.50355100631714,
      18.47657299041748,
      18.456660270690918,
      18.310587644577026,
      18.487350940704346,
      18.445940732955933,
      18.4863383769989,
      18.42804503440857,
      18.21814751625061,
      18.494368076324463,
      18.47686195373535,
      18.519137859344482,
      18.518173694610596,
      18.277167320251465,
      18.50637650489807,
      18.516326665878296,
      18.506967544555664,
      18.53186058998108,
      18.302149534225464,
      18.486141443252563,
      18.5425968170166,
      18.500308752059937,
      18.53131937980652,
      18.303942918777466,
      18.4941828250885,
      18.547187089920044,
      18.50978970527649,
      18.273133277893066,
      18.49680495262146,
      18.48568344116211
    ],
    "epochs_completed": 50,
    "early_stopped": false,
    "gpu_info": {
      "gpu_name": "Quadro RTX 6000",
      "gpu_memory_gb": 23
    },
    "gpu_power_stats": {
      "average_power_w": 153.6275,
      "max_power_w": 154.24,
      "min_power_w": 153.04,
      "power_readings": 4,
      "monitoring_duration_s": 900.2646052837372
    },
    "co2_emissions_kg": null,
    "training_samples": 709447,
    "batch_size": 1024,
    "mixed_precision": true
  }
}