{
  "0.0": {
    "precision": 0.9847078482861276,
    "recall": 0.9905219295147962,
    "f1-score": 0.9876063320376317,
    "support": 283180.0
  },
  "1.0": {
    "precision": 0.9912644994987827,
    "recall": 0.9858994445235721,
    "f1-score": 0.9885746929448729,
    "support": 308924.0
  },
  "accuracy": 0.9881101968573088,
  "macro avg": {
    "precision": 0.9879861738924551,
    "recall": 0.9882106870191842,
    "f1-score": 0.9880905124912522,
    "support": 592104.0
  },
  "weighted avg": {
    "precision": 0.9881287117142048,
    "recall": 0.9881101968573088,
    "f1-score": 0.98811156409975,
    "support": 592104.0
  }
}