{
  "0.0": {
    "precision": 0.9869872656128725,
    "recall": 0.9860266632441884,
    "f1-score": 0.9865067305840306,
    "support": 186999.0
  },
  "1.0": {
    "precision": 0.9881101348246097,
    "recall": 0.9889291162875424,
    "f1-score": 0.9885194559260001,
    "support": 219585.0
  },
  "accuracy": 0.9875941994766149,
  "macro avg": {
    "precision": 0.9875487002187411,
    "recall": 0.9874778897658654,
    "f1-score": 0.9875130932550154,
    "support": 406584.0
  },
  "weighted avg": {
    "precision": 0.9875936968444491,
    "recall": 0.9875941994766149,
    "f1-score": 0.9875937489965021,
    "support": 406584.0
  }
}