{
  "0.0": {
    "precision": 0.9976266002039198,
    "recall": 0.9996977424339822,
    "f1-score": 0.9986610974747973,
    "support": 704697.0
  },
  "1.0": {
    "precision": 0.9351992698509279,
    "recall": 0.6471578947368422,
    "f1-score": 0.7649620505163618,
    "support": 4750.0
  },
  "accuracy": 0.9973373627628279,
  "macro avg": {
    "precision": 0.9664129350274239,
    "recall": 0.8234278185854123,
    "f1-score": 0.8818115739955795,
    "support": 709447.0
  },
  "weighted avg": {
    "precision": 0.9972086270231513,
    "recall": 0.9973373627628279,
    "f1-score": 0.9970963992336987,
    "support": 709447.0
  }
}