{
  "version": 4.2,
  "timestamp": "2025-05-28T20:27:30.332959",
  "description": "EVEREST model trained on SHARP data with evidential and EVT losses.",
  "flare_class": "M5",
  "time_window": "72",
  "hyperparameters": {
    "input_shape": [
      10,
      9
    ],
    "embed_dim": 128,
    "num_heads": 4,
    "ff_dim": 256,
    "num_blocks": 6,
    "dropout": 0.2
  },
  "performance": {
    "accuracy": 0.9967256186861034,
    "TSS": 0.6157101087778027,
    "ROC_AUC": 0.9984452156107705,
    "Brier": 0.003920339033376237,
    "ECE": 0.02334923814913346
  },
  "git_info": {
    "commit": "67f282a9529899517317538d2bf6ac77a70ae0c1",
    "branch": "pytorch-rewrite"
  },
  "architecture": {
    "name": "EVEREST (PyTorch)",
    "input_shape": [
      10,
      9
    ],
    "num_params": 813961,
    "precision": "torch.float32"
  },
  "framework": "PyTorch",
  "latency_sec_per_batch32": 0.002826497554779053,
  "training_metrics": {
    "total_training_time_s": 923.3991463184357,
    "total_training_time_h": 0.2564997628662321,
    "average_epoch_time_s": 18.466394968032837,
    "fastest_epoch_time_s": 18.14747905731201,
    "slowest_epoch_time_s": 19.811293840408325,
    "epoch_times": [
      19.811293840408325,
      18.355245351791382,
      18.490630865097046,
      18.49387812614441,
      18.493924379348755,
      18.28971791267395,
      18.550546646118164,
      18.439436197280884,
      18.45296001434326,
      18.523318767547607,
      18.31926155090332,
      18.560601949691772,
      18.52035164833069,
      18.513354778289795,
      18.333170175552368,
      18.51731276512146,
      18.5135281085968,
      18.50799870491028,
      18.281273126602173,
      18.49820351600647,
      18.628199338912964,
      18.59886336326599,
      18.65501093864441,
      18.401000499725342,
      18.606486558914185,
      18.638171434402466,
      18.595714807510376,
      18.616503477096558,
      18.345036029815674,
      18.435129642486572,
      18.374469995498657,
      18.491190195083618,
      18.366753816604614,
      18.1790828704834,
      18.38547682762146,
      18.386961460113525,
      18.404964923858643,
      18.14747905731201,
      18.39662480354309,
      18.428833723068237,
      18.381343126296997,
      18.39897346496582,
      18.2164626121521,
      18.37480068206787,
      18.41204810142517,
      18.435877561569214,
      18.393874168395996,
      18.242262601852417,
      18.461884260177612,
      18.454259634017944
    ],
    "epochs_completed": 50,
    "early_stopped": false,
    "gpu_info": {
      "gpu_name": "Quadro RTX 6000",
      "gpu_memory_gb": 23
    },
    "gpu_power_stats": {
      "average_power_w": 139.855,
      "max_power_w": 141.2,
      "min_power_w": 137.76,
      "power_readings": 4,
      "monitoring_duration_s": 900.2810170650482
    },
    "co2_emissions_kg": null,
    "training_samples": 709447,
    "batch_size": 1024,
    "mixed_precision": true
  }
}