{
  "version": 4.4,
  "timestamp": "2025-05-28T22:05:35.217512",
  "description": "EVEREST model trained on SHARP data with evidential and EVT losses.",
  "flare_class": "M5",
  "time_window": "72",
  "hyperparameters": {
    "input_shape": [
      10,
      9
    ],
    "embed_dim": 128,
    "num_heads": 4,
    "ff_dim": 256,
    "num_blocks": 6,
    "dropout": 0.2
  },
  "performance": {
    "accuracy": 0.9966438648693983,
    "TSS": 0.6143731603035714,
    "ROC_AUC": 0.9980819516084666,
    "Brier": 0.006143134773765318,
    "ECE": 0.0510039464206512
  },
  "git_info": {
    "commit": "67f282a9529899517317538d2bf6ac77a70ae0c1",
    "branch": "pytorch-rewrite"
  },
  "architecture": {
    "name": "EVEREST (PyTorch)",
    "input_shape": [
      10,
      9
    ],
    "num_params": 813316,
    "precision": "torch.float32"
  },
  "framework": "PyTorch",
  "latency_sec_per_batch32": 0.0026652693748474123,
  "training_metrics": {
    "total_training_time_s": 872.2525491714478,
    "total_training_time_h": 0.2422923747698466,
    "average_epoch_time_s": 17.4435724401474,
    "fastest_epoch_time_s": 16.959414958953857,
    "slowest_epoch_time_s": 18.66846489906311,
    "epoch_times": [
      18.66846489906311,
      16.959414958953857,
      17.442699193954468,
      17.45223617553711,
      17.517884016036987,
      17.284252405166626,
      17.467339992523193,
      17.47734308242798,
      17.49852204322815,
      17.443493127822876,
      17.20413899421692,
      17.50636100769043,
      17.551428079605103,
      17.510344743728638,
      17.240718364715576,
      17.518412828445435,
      17.54730749130249,
      17.42822551727295,
      17.447678565979004,
      17.31234097480774,
      17.516047716140747,
      17.507039785385132,
      17.46077823638916,
      17.466706037521362,
      17.287826776504517,
      17.411187648773193,
      17.45999574661255,
      17.33929419517517,
      17.406677722930908,
      17.211055278778076,
      17.471920013427734,
      17.54808735847473,
      17.47465753555298,
      17.269134044647217,
      17.4944589138031,
      17.43859624862671,
      17.467191696166992,
      17.39116334915161,
      17.285598039627075,
      17.516987800598145,
      17.482635259628296,
      17.45779848098755,
      17.45080018043518,
      17.272621870040894,
      17.406784296035767,
      17.46320080757141,
      17.51962184906006,
      17.48203992843628,
      17.263838052749634,
      17.47627067565918
    ],
    "epochs_completed": 50,
    "early_stopped": false,
    "gpu_info": {
      "gpu_name": "Quadro RTX 6000",
      "gpu_memory_gb": 23
    },
    "gpu_power_stats": {
      "average_power_w": 146.90666666666667,
      "max_power_w": 147.97,
      "min_power_w": 145.99,
      "power_readings": 3,
      "monitoring_duration_s": 600.1683144569397
    },
    "co2_emissions_kg": null,
    "training_samples": 709447,
    "batch_size": 1024,
    "mixed_precision": true
  }
}