{
  "0.0": {
    "precision": 0.999531296788949,
    "recall": 0.9990673665032751,
    "f1-score": 0.9992992778005567,
    "support": 461060.0
  },
  "1.0": {
    "precision": 0.9036738351254481,
    "recall": 0.9491764705882353,
    "f1-score": 0.9258664218498968,
    "support": 4250.0
  },
  "accuracy": 0.9986116782360147,
  "macro avg": {
    "precision": 0.9516025659571985,
    "recall": 0.9741219185457552,
    "f1-score": 0.9625828498252267,
    "support": 465310.0
  },
  "weighted avg": {
    "precision": 0.9986557638924503,
    "recall": 0.9986116782360147,
    "f1-score": 0.9986285644314258,
    "support": 465310.0
  }
}