{
  "0.0": {
    "precision": 0.9859336925353253,
    "recall": 0.9893546347359069,
    "f1-score": 0.9876412013223734,
    "support": 249874.0
  },
  "1.0": {
    "precision": 0.9904177293620946,
    "recall": 0.987334044379325,
    "f1-score": 0.9888734828498414,
    "support": 278463.0
  },
  "accuracy": 0.9882896711757836,
  "macro avg": {
    "precision": 0.9881757109487099,
    "recall": 0.9883443395576159,
    "f1-score": 0.9882573420861074,
    "support": 528337.0
  },
  "weighted avg": {
    "precision": 0.9882970294715849,
    "recall": 0.9882896711757836,
    "f1-score": 0.9882906822615908,
    "support": 528337.0
  }
}