{
  "0.0": {
    "precision": 0.9982761773666058,
    "recall": 0.9992847989987186,
    "f1-score": 0.9987802335427266,
    "support": 704697.0
  },
  "1.0": {
    "precision": 0.87518573551263,
    "recall": 0.744,
    "f1-score": 0.8042785616750113,
    "support": 4750.0
  },
  "accuracy": 0.997575576470124,
  "macro avg": {
    "precision": 0.9367309564396179,
    "recall": 0.8716423994993593,
    "f1-score": 0.901529397608869,
    "support": 709447.0
  },
  "weighted avg": {
    "precision": 0.9974520430777775,
    "recall": 0.997575576470124,
    "f1-score": 0.9974779756695217,
    "support": 709447.0
  }
}