{
  "version": 4.0,
  "timestamp": "2025-05-28T19:42:49.663891",
  "description": "EVEREST model trained on SHARP data with evidential and EVT losses.",
  "flare_class": "M5",
  "time_window": "72",
  "hyperparameters": {
    "input_shape": [
      10,
      9
    ],
    "embed_dim": 128,
    "num_heads": 4,
    "ff_dim": 256,
    "num_blocks": 6,
    "dropout": 0.2
  },
  "performance": {
    "accuracy": 0.9967242091375396,
    "TSS": 0.6318099492243121,
    "ROC_AUC": 0.9984418178085199,
    "Brier": 0.00524694260166429,
    "ECE": 0.03603329872437697
  },
  "git_info": {
    "commit": "67f282a9529899517317538d2bf6ac77a70ae0c1",
    "branch": "pytorch-rewrite"
  },
  "architecture": {
    "name": "EVEREST (PyTorch)",
    "input_shape": [
      10,
      9
    ],
    "num_params": 813574,
    "precision": "torch.float32"
  },
  "framework": "PyTorch",
  "latency_sec_per_batch32": 0.002767348289489746,
  "training_metrics": {
    "total_training_time_s": 890.1367676258087,
    "total_training_time_h": 0.24726021322939132,
    "average_epoch_time_s": 17.801181211471558,
    "fastest_epoch_time_s": 17.361419916152954,
    "slowest_epoch_time_s": 19.176665782928467,
    "epoch_times": [
      19.176665782928467,
      17.361419916152954,
      17.96252679824829,
      18.011627197265625,
      17.701202154159546,
      17.46801447868347,
      17.667538166046143,
      17.591026067733765,
      17.836912870407104,
      17.871717929840088,
      17.645763397216797,
      17.86231255531311,
      17.783691883087158,
      17.853147745132446,
      17.547670125961304,
      17.82501220703125,
      17.82409930229187,
      17.79629635810852,
      17.728238105773926,
      17.588216066360474,
      17.930927991867065,
      17.906785488128662,
      17.83599281311035,
      17.860437870025635,
      17.65071940422058,
      17.800837755203247,
      17.846182346343994,
      17.760740041732788,
      17.81362509727478,
      17.59866690635681,
      17.788759469985962,
      17.82976269721985,
      17.74208092689514,
      17.629961490631104,
      17.80643939971924,
      17.81255340576172,
      17.870853900909424,
      17.880097150802612,
      17.645724773406982,
      17.82237458229065,
      17.851683855056763,
      17.847933053970337,
      17.853676319122314,
      17.641668558120728,
      17.87080693244934,
      17.889872550964355,
      17.827572345733643,
      17.864190340042114,
      17.638838529586792,
      17.836195468902588
    ],
    "epochs_completed": 50,
    "early_stopped": false,
    "gpu_info": {
      "gpu_name": "Quadro RTX 6000",
      "gpu_memory_gb": 23
    },
    "gpu_power_stats": {
      "average_power_w": 216.71666666666667,
      "max_power_w": 256.21,
      "min_power_w": 188.09,
      "power_readings": 3,
      "monitoring_duration_s": 600.2095167636871
    },
    "co2_emissions_kg": null,
    "training_samples": 709447,
    "batch_size": 1024,
    "mixed_precision": true
  }
}