{
  "0.0": {
    "precision": 0.9978049509762937,
    "recall": 0.9991953988735585,
    "f1-score": 0.9984996908625785,
    "support": 704697.0
  },
  "1.0": {
    "precision": 0.8495222929936306,
    "recall": 0.6738947368421052,
    "f1-score": 0.7515848790795961,
    "support": 4750.0
  },
  "accuracy": 0.9970173952388268,
  "macro avg": {
    "precision": 0.9236636219849621,
    "recall": 0.8365450678578319,
    "f1-score": 0.8750422849710873,
    "support": 709447.0
  },
  "weighted avg": {
    "precision": 0.9968121458401558,
    "recall": 0.9970173952388268,
    "f1-score": 0.9968465083754171,
    "support": 709447.0
  }
}