{
  "version": 3.9,
  "timestamp": "2025-05-28T19:25:44.585626",
  "description": "EVEREST model trained on SHARP data with evidential and EVT losses.",
  "flare_class": "M5",
  "time_window": "72",
  "hyperparameters": {
    "input_shape": [
      10,
      9
    ],
    "embed_dim": 128,
    "num_heads": 4,
    "ff_dim": 256,
    "num_blocks": 6,
    "dropout": 0.2
  },
  "performance": {
    "accuracy": 0.9964056511621023,
    "TSS": 0.5823490364603416,
    "ROC_AUC": 0.9966845868732086,
    "Brier": 0.00790698642481418,
    "ECE": 0.057566433752174365
  },
  "git_info": {
    "commit": "67f282a9529899517317538d2bf6ac77a70ae0c1",
    "branch": "pytorch-rewrite"
  },
  "architecture": {
    "name": "EVEREST (PyTorch)",
    "input_shape": [
      10,
      9
    ],
    "num_params": 813574,
    "precision": "torch.float32"
  },
  "framework": "PyTorch",
  "latency_sec_per_batch32": 0.0028171443939208982,
  "training_metrics": {
    "total_training_time_s": 892.9638617038727,
    "total_training_time_h": 0.24804551713996464,
    "average_epoch_time_s": 17.857710585594177,
    "fastest_epoch_time_s": 17.38700270652771,
    "slowest_epoch_time_s": 19.183064699172974,
    "epoch_times": [
      19.183064699172974,
      17.533697843551636,
      17.97176694869995,
      18.02438187599182,
      17.994794368743896,
      17.745858430862427,
      17.97469401359558,
      17.922343254089355,
      17.953683853149414,
      17.947681427001953,
      17.716630935668945,
      17.94916272163391,
      17.937813997268677,
      17.988813638687134,
      17.809722661972046,
      18.004672527313232,
      18.01358127593994,
      18.009739875793457,
      18.033915519714355,
      17.79012942314148,
      18.24781370162964,
      18.08855366706848,
      18.097091913223267,
      18.09246039390564,
      17.91273045539856,
      18.13580322265625,
      18.185179233551025,
      18.373976945877075,
      18.327816247940063,
      17.80150532722473,
      17.591907501220703,
      17.604846239089966,
      17.602121591567993,
      17.38700270652771,
      17.666618824005127,
      17.647068977355957,
      17.634827852249146,
      17.64451837539673,
      17.449933528900146,
      17.700160264968872,
      17.644400119781494,
      17.756083250045776,
      17.69265127182007,
      17.513211727142334,
      17.66200566291809,
      17.635772228240967,
      17.650049924850464,
      17.62104034423828,
      17.41904306411743,
      17.593185424804688
    ],
    "epochs_completed": 50,
    "early_stopped": false,
    "gpu_info": {
      "gpu_name": "Quadro RTX 6000",
      "gpu_memory_gb": 23
    },
    "gpu_power_stats": {
      "average_power_w": 139.58666666666667,
      "max_power_w": 141.61,
      "min_power_w": 136.96,
      "power_readings": 3,
      "monitoring_duration_s": 600.1834709644318
    },
    "co2_emissions_kg": null,
    "training_samples": 709447,
    "batch_size": 1024,
    "mixed_precision": true
  }
}