{
  "0.0": {
    "precision": 0.9975995139546839,
    "recall": 0.9995955708623706,
    "f1-score": 0.9985965449488376,
    "support": 704697.0
  },
  "1.0": {
    "precision": 0.9146706586826348,
    "recall": 0.6431578947368422,
    "f1-score": 0.7552533992583437,
    "support": 4750.0
  },
  "accuracy": 0.9972090938435147,
  "macro avg": {
    "precision": 0.9561350863186593,
    "recall": 0.8213767327996064,
    "f1-score": 0.8769249721035907,
    "support": 709447.0
  },
  "weighted avg": {
    "precision": 0.997044275772632,
    "recall": 0.9972090938435147,
    "f1-score": 0.99696727603653,
    "support": 709447.0
  }
}