{
  "version": 3.1,
  "timestamp": "2025-05-28T08:06:26.615146",
  "description": "EVEREST model trained on SHARP data with evidential and EVT losses.",
  "flare_class": "M5",
  "time_window": "72",
  "hyperparameters": {
    "input_shape": [
      10,
      9
    ],
    "embed_dim": 128,
    "num_heads": 4,
    "ff_dim": 256,
    "num_blocks": 6,
    "dropout": 0.2
  },
  "performance": {
    "accuracy": 0.9965677492469487,
    "TSS": 0.6165967115528792,
    "ROC_AUC": 0.9981479012667109,
    "Brier": 0.0041659073053181795,
    "ECE": 0.02503893129343953
  },
  "git_info": {
    "commit": "5ff1a61c7700d3630229b919aeaad50877aaf8a8",
    "branch": "pytorch-rewrite"
  },
  "architecture": {
    "name": "EVEREST (PyTorch)",
    "input_shape": [
      10,
      9
    ],
    "num_params": 813961,
    "precision": "torch.float32"
  },
  "framework": "PyTorch",
  "latency_sec_per_batch32": 0.002837531566619873,
  "training_metrics": {
    "total_training_time_s": 927.813045501709,
    "total_training_time_h": 0.25772584597269693,
    "average_epoch_time_s": 18.554871606826783,
    "fastest_epoch_time_s": 17.969911813735962,
    "slowest_epoch_time_s": 18.75878882408142,
    "epoch_times": [
      18.000999927520752,
      17.969911813735962,
      18.64887261390686,
      18.529606580734253,
      18.628016233444214,
      18.280402660369873,
      18.514841556549072,
      18.507618188858032,
      18.543599605560303,
      18.51255965232849,
      18.30728769302368,
      18.54786252975464,
      18.42479395866394,
      18.461182832717896,
      18.253106832504272,
      18.500564336776733,
      18.624033212661743,
      18.545891761779785,
      18.497312784194946,
      18.336262464523315,
      18.65989661216736,
      18.685509204864502,
      18.679774284362793,
      18.44816780090332,
      18.68146061897278,
      18.75878882408142,
      18.71366024017334,
      18.674538612365723,
      18.41524362564087,
      18.651864528656006,
      18.68163776397705,
      18.700660705566406,
      18.748989820480347,
      18.498329639434814,
      18.739513874053955,
      18.745089292526245,
      18.662400245666504,
      18.65889620780945,
      18.470240116119385,
      18.637776613235474,
      18.696176528930664,
      18.73155951499939,
      18.621044397354126,
      18.4885311126709,
      18.616297960281372,
      18.613152503967285,
      18.688244342803955,
      18.41028904914856,
      18.60270404815674,
      18.72841501235962
    ],
    "epochs_completed": 50,
    "early_stopped": false,
    "gpu_info": {
      "gpu_name": "Quadro RTX 6000",
      "gpu_memory_gb": 23
    },
    "gpu_power_stats": {
      "average_power_w": 149.765,
      "max_power_w": 150.04,
      "min_power_w": 149.26,
      "power_readings": 4,
      "monitoring_duration_s": 900.2821462154388
    },
    "co2_emissions_kg": null,
    "training_samples": 709447,
    "batch_size": 1024,
    "mixed_precision": true
  }
}