{
  "0.0": {
    "precision": 0.9990631343361266,
    "recall": 0.9991758122587082,
    "f1-score": 0.9991194701205415,
    "support": 461060.0
  },
  "1.0": {
    "precision": 0.9094807050976655,
    "recall": 0.8983529411764706,
    "f1-score": 0.9038825757575758,
    "support": 4250.0
  },
  "accuracy": 0.9982549268229782,
  "macro avg": {
    "precision": 0.9542719197168961,
    "recall": 0.9487643767175894,
    "f1-score": 0.9515010229390586,
    "support": 465310.0
  },
  "weighted avg": {
    "precision": 0.9982449156770317,
    "recall": 0.9982549268229782,
    "f1-score": 0.9982496052969989,
    "support": 465310.0
  }
}