{
  "version": 4.9,
  "timestamp": "2025-05-28T23:47:22.725490",
  "description": "EVEREST model trained on SHARP data with evidential and EVT losses.",
  "flare_class": "M5",
  "time_window": "72",
  "hyperparameters": {
    "input_shape": [
      10,
      9
    ],
    "embed_dim": 128,
    "num_heads": 4,
    "ff_dim": 256,
    "num_blocks": 6,
    "dropout": 0.2
  },
  "performance": {
    "accuracy": 0.9967946865657336,
    "TSS": 0.6366903688268142,
    "ROC_AUC": 0.9983350116208959,
    "Brier": 0.00481581130602695,
    "ECE": 0.02665795146477517
  },
  "git_info": {
    "commit": "3821b8ea9de491da6a3486ab564bbb9e666a9c97",
    "branch": "pytorch-rewrite"
  },
  "architecture": {
    "name": "EVEREST (PyTorch)",
    "input_shape": [
      10,
      9
    ],
    "num_params": 814090,
    "precision": "torch.float32"
  },
  "framework": "PyTorch",
  "latency_sec_per_batch32": 0.00299454927444458,
  "training_metrics": {
    "total_training_time_s": 958.7897782325745,
    "total_training_time_h": 0.2663304939534929,
    "average_epoch_time_s": 19.174179348945618,
    "fastest_epoch_time_s": 18.267277240753174,
    "slowest_epoch_time_s": 20.37717080116272,
    "epoch_times": [
      20.302597284317017,
      18.45859169960022,
      18.888036727905273,
      18.89725136756897,
      18.895456314086914,
      18.74848484992981,
      18.896142721176147,
      18.845413208007812,
      19.6540424823761,
      20.080990076065063,
      19.78826403617859,
      19.978734493255615,
      19.828715085983276,
      19.168193578720093,
      19.12414813041687,
      19.288018226623535,
      19.535488605499268,
      19.507614374160767,
      19.476579427719116,
      19.23720622062683,
      19.38360023498535,
      19.319385528564453,
      19.361398220062256,
      19.241848707199097,
      19.012630939483643,
      19.238080978393555,
      19.204817056655884,
      19.21823000907898,
      18.986610889434814,
      19.20902729034424,
      19.20652675628662,
      19.211580514907837,
      19.176583290100098,
      18.988986492156982,
      19.182555437088013,
      19.167173385620117,
      19.226348161697388,
      20.37717080116272,
      19.16054606437683,
      19.315605401992798,
      19.69286847114563,
      18.710185289382935,
      18.82363510131836,
      18.267277240753174,
      18.651753187179565,
      18.586230993270874,
      18.684587240219116,
      18.60178279876709,
      18.51727557182312,
      18.38469648361206
    ],
    "epochs_completed": 50,
    "early_stopped": false,
    "gpu_info": {
      "gpu_name": "Quadro RTX 6000",
      "gpu_memory_gb": 23
    },
    "gpu_power_stats": {
      "average_power_w": 131.5875,
      "max_power_w": 138.18,
      "min_power_w": 120.92,
      "power_readings": 4,
      "monitoring_duration_s": 900.5109984874725
    },
    "co2_emissions_kg": null,
    "training_samples": 709447,
    "batch_size": 1024,
    "mixed_precision": true
  }
}