{
  "0.0": {
    "precision": 0.997712412745898,
    "recall": 0.9995345517293248,
    "f1-score": 0.9986226510458424,
    "support": 704697.0
  },
  "1.0": {
    "precision": 0.9052844354605833,
    "recall": 0.66,
    "f1-score": 0.763423840253257,
    "support": 4750.0
  },
  "accuracy": 0.9972612471403783,
  "macro avg": {
    "precision": 0.9514984241032407,
    "recall": 0.8297672758646624,
    "f1-score": 0.8810232456495497,
    "support": 709447.0
  },
  "weighted avg": {
    "precision": 0.9970935745633344,
    "recall": 0.9972612471403783,
    "f1-score": 0.9970479113524406,
    "support": 709447.0
  }
}