{
  "version": 4.1,
  "timestamp": "2025-05-28T20:05:13.526785",
  "description": "EVEREST model trained on SHARP data with evidential and EVT losses.",
  "flare_class": "M5",
  "time_window": "72",
  "hyperparameters": {
    "input_shape": [
      10,
      9
    ],
    "embed_dim": 128,
    "num_heads": 4,
    "ff_dim": 256,
    "num_blocks": 6,
    "dropout": 0.2
  },
  "performance": {
    "accuracy": 0.996598759315354,
    "TSS": 0.6151641797809217,
    "ROC_AUC": 0.9979859134679981,
    "Brier": 0.005753630331261285,
    "ECE": 0.04248165816238697
  },
  "git_info": {
    "commit": "67f282a9529899517317538d2bf6ac77a70ae0c1",
    "branch": "pytorch-rewrite"
  },
  "architecture": {
    "name": "EVEREST (PyTorch)",
    "input_shape": [
      10,
      9
    ],
    "num_params": 813832,
    "precision": "torch.float32"
  },
  "framework": "PyTorch",
  "latency_sec_per_batch32": 0.002797408103942871,
  "training_metrics": {
    "total_training_time_s": 930.7319235801697,
    "total_training_time_h": 0.258536645438936,
    "average_epoch_time_s": 18.612791619300843,
    "fastest_epoch_time_s": 18.25235915184021,
    "slowest_epoch_time_s": 20.82669425010681,
    "epoch_times": [
      20.82669425010681,
      18.25235915184021,
      18.653207063674927,
      18.69745373725891,
      18.64875864982605,
      18.460888862609863,
      18.63662838935852,
      18.626157522201538,
      18.610793828964233,
      18.575645685195923,
      18.3485426902771,
      18.570268869400024,
      18.53790521621704,
      18.57476830482483,
      18.370960235595703,
      18.56602644920349,
      18.57133650779724,
      18.631892681121826,
      18.694059371948242,
      18.395684242248535,
      18.553642511367798,
      18.632417678833008,
      18.589006900787354,
      18.59833264350891,
      18.394301891326904,
      18.55474305152893,
      18.57879662513733,
      18.601141691207886,
      18.374279022216797,
      18.604771375656128,
      18.625864028930664,
      18.62179446220398,
      18.67732834815979,
      18.44478178024292,
      18.639509439468384,
      18.66193914413452,
      18.613790035247803,
      18.596009969711304,
      18.4446017742157,
      18.577749013900757,
      18.66279363632202,
      18.64378046989441,
      18.56200671195984,
      18.45519232749939,
      18.632281064987183,
      18.629902124404907,
      18.676518440246582,
      18.632251501083374,
      18.459291219711304,
      18.65073037147522
    ],
    "epochs_completed": 50,
    "early_stopped": false,
    "gpu_info": {
      "gpu_name": "Quadro RTX 6000",
      "gpu_memory_gb": 23
    },
    "gpu_power_stats": {
      "average_power_w": 138.0,
      "max_power_w": 140.34,
      "min_power_w": 133.78,
      "power_readings": 4,
      "monitoring_duration_s": 900.2388286590576
    },
    "co2_emissions_kg": null,
    "training_samples": 709447,
    "batch_size": 1024,
    "mixed_precision": true
  }
}