{
  "study_name": "everest_hpo_v4.1_M_24h",
  "flare_class": "M",
  "time_window": "24",
  "n_trials": 1,
  "optimization_time": 1067.779135942459,
  "timestamp": "2025-05-26T20:40:37.068926",
  "best_trial": {
    "number": 0,
    "value": -1.0,
    "params": {
      "embed_dim": 128,
      "num_blocks": 4,
      "dropout": 0.3531616510212273,
      "focal_gamma": 2.8033450352296265,
      "learning_rate": 0.0005337429672856022,
      "batch_size": 512
    },
    "user_attrs": {
      "accuracy": 0.9837781266352695,
      "brier_score": 0.018925006345745177,
      "precision": 0.783732057416268,
      "recall": 0.5986842105263158,
      "roc_auc": 0.9856026742537455,
      "specificity": 0.9951300450363092
    }
  },
  "stage_statistics": {
    "unknown": {
      "trials": 1,
      "completed": 1,
      "pruned": 0,
      "failed": 0,
      "best_value": -1.0
    }
  },
  "param_importance": {},
  "top_trials": [
    {
      "number": 0,
      "value": -1.0,
      "params": {
        "embed_dim": 128,
        "num_blocks": 4,
        "dropout": 0.3531616510212273,
        "focal_gamma": 2.8033450352296265,
        "learning_rate": 0.0005337429672856022,
        "batch_size": 512
      },
      "user_attrs": {
        "accuracy": 0.9837781266352695,
        "brier_score": 0.018925006345745177,
        "precision": 0.783732057416268,
        "recall": 0.5986842105263158,
        "roc_auc": 0.9856026742537455,
        "specificity": 0.9951300450363092
      }
    }
  ]
}