{
  "0.0": {
    "precision": 0.9864285764630425,
    "recall": 0.9884419803658451,
    "f1-score": 0.9874342520698912,
    "support": 283180.0
  },
  "1.0": {
    "precision": 0.9893853009281781,
    "recall": 0.9875341507943701,
    "f1-score": 0.9884588591702173,
    "support": 308924.0
  },
  "accuracy": 0.9879683298879927,
  "macro avg": {
    "precision": 0.9879069386956103,
    "recall": 0.9879880655801077,
    "f1-score": 0.9879465556200542,
    "support": 592104.0
  },
  "weighted avg": {
    "precision": 0.9879712161828679,
    "recall": 0.9879683298879927,
    "f1-score": 0.9879688299884005,
    "support": 592104.0
  }
}