{
  "0.0": {
    "precision": 0.9970198224013263,
    "recall": 0.9991671365982735,
    "f1-score": 0.9980923245583152,
    "support": 461060.0
  },
  "1.0": {
    "precision": 0.8821000921093031,
    "recall": 0.676,
    "f1-score": 0.7654189423205009,
    "support": 4250.0
  },
  "accuracy": 0.9962154262749565,
  "macro avg": {
    "precision": 0.9395599572553146,
    "recall": 0.8375835682991368,
    "f1-score": 0.8817556334394081,
    "support": 465310.0
  },
  "weighted avg": {
    "precision": 0.9959701805416175,
    "recall": 0.9962154262749565,
    "f1-score": 0.9959671566605466,
    "support": 465310.0
  }
}