{
  "0.0": {
    "precision": 0.6576536586218347,
    "recall": 0.7530115178049737,
    "f1-score": 0.702109597577517,
    "support": 249874.0
  },
  "1.0": {
    "precision": 0.7452194590310116,
    "recall": 0.6482584759914244,
    "f1-score": 0.6933655979028029,
    "support": 278463.0
  },
  "accuracy": 0.6978008354516152,
  "macro avg": {
    "precision": 0.7014365588264231,
    "recall": 0.7006349968981991,
    "f1-score": 0.69773759774016,
    "support": 528337.0
  },
  "weighted avg": {
    "precision": 0.7038057083161409,
    "recall": 0.6978008354516152,
    "f1-score": 0.6975010231611504,
    "support": 528337.0
  }
}