{
  "0.0": {
    "precision": 0.9970452175118977,
    "recall": 0.999809847352834,
    "f1-score": 0.9984256186284318,
    "support": 704697.0
  },
  "1.0": {
    "precision": 0.952074391988555,
    "recall": 0.5604210526315789,
    "f1-score": 0.7055393586005831,
    "support": 4750.0
  },
  "accuracy": 0.9968679830910554,
  "macro avg": {
    "precision": 0.9745598047502264,
    "recall": 0.7801154499922065,
    "f1-score": 0.8519824886145075,
    "support": 709447.0
  },
  "weighted avg": {
    "precision": 0.9967441218398659,
    "recall": 0.9968679830910554,
    "f1-score": 0.9964646409442183,
    "support": 709447.0
  }
}