{
  "0.0": {
    "precision": 0.996493869137613,
    "recall": 0.9992452175421854,
    "f1-score": 0.9978676468199348,
    "support": 461060.0
  },
  "1.0": {
    "precision": 0.8831037957675513,
    "recall": 0.6185882352941177,
    "f1-score": 0.7275494672754946,
    "support": 4250.0
  },
  "accuracy": 0.995768412456212,
  "macro avg": {
    "precision": 0.9397988324525821,
    "recall": 0.8089167264181516,
    "f1-score": 0.8627085570477147,
    "support": 465310.0
  },
  "weighted avg": {
    "precision": 0.9954581986989317,
    "recall": 0.995768412456212,
    "f1-score": 0.9953986427945241,
    "support": 465310.0
  }
}