{
  "0.0": {
    "precision": 0.6426831272398075,
    "recall": 0.7871812981142736,
    "f1-score": 0.707630918576764,
    "support": 283180.0
  },
  "1.0": {
    "precision": 0.7542720841573056,
    "recall": 0.5988171848092088,
    "f1-score": 0.6676146154942717,
    "support": 308924.0
  },
  "accuracy": 0.6889043141069812,
  "macro avg": {
    "precision": 0.6984776056985565,
    "recall": 0.6929992414617412,
    "f1-score": 0.6876227670355178,
    "support": 592104.0
  },
  "weighted avg": {
    "precision": 0.7009034853640241,
    "recall": 0.6889043141069812,
    "f1-score": 0.6867528356496838,
    "support": 592104.0
  }
}