{
  "0.0": {
    "precision": 0.9975310402609788,
    "recall": 0.9965894620611048,
    "f1-score": 0.9970600288651711,
    "support": 449196.0
  },
  "1.0": {
    "precision": 0.9460601366100979,
    "recall": 0.9603974551433269,
    "f1-score": 0.9531748847108904,
    "support": 27978.0
  },
  "accuracy": 0.9944674269763231,
  "macro avg": {
    "precision": 0.9717955884355384,
    "recall": 0.9784934586022158,
    "f1-score": 0.9751174567880307,
    "support": 477174.0
  },
  "weighted avg": {
    "precision": 0.9945131622073876,
    "recall": 0.9944674269763231,
    "f1-score": 0.9944869243725782,
    "support": 477174.0
  }
}