{
  "0.0": {
    "precision": 0.9479357078305415,
    "recall": 0.9997970569937155,
    "f1-score": 0.9731759387368979,
    "support": 601154.0
  },
  "1.0": {
    "precision": 0.7693761814744802,
    "recall": 0.012179065174456879,
    "f1-score": 0.023978554806021152,
    "support": 33418.0
  },
  "accuracy": 0.9477868547619498,
  "macro avg": {
    "precision": 0.8586559446525108,
    "recall": 0.5059880610840861,
    "f1-score": 0.49857724677145954,
    "support": 634572.0
  },
  "weighted avg": {
    "precision": 0.938532358404839,
    "recall": 0.9477868547619498,
    "f1-score": 0.9231890528103173,
    "support": 634572.0
  }
}