{
  "0.0": {
    "precision": 0.9489923192162927,
    "recall": 1.0,
    "f1-score": 0.9738286907132513,
    "support": 688567.0
  },
  "1.0": {
    "precision": 0.0,
    "recall": 0.0,
    "f1-score": 0.0,
    "support": 37010.0
  },
  "accuracy": 0.9489923192162927,
  "macro avg": {
    "precision": 0.47449615960814634,
    "recall": 0.5,
    "f1-score": 0.48691434535662564,
    "support": 725577.0
  },
  "weighted avg": {
    "precision": 0.900586421931518,
    "recall": 0.9489923192162927,
    "f1-score": 0.9241559477193341,
    "support": 725577.0
  }
}