{
  "study_name": "everest_hpo_v4.1_C_24h",
  "flare_class": "C",
  "time_window": "24",
  "n_trials": 166,
  "optimization_time": 3323.167256593704,
  "timestamp": "2025-05-26T23:19:39.878488",
  "best_trial": {
    "number": 0,
    "value": -1.0,
    "params": {
      "embed_dim": 128,
      "num_blocks": 4,
      "dropout": 0.3531616510212273,
      "focal_gamma": 2.8033450352296265,
      "learning_rate": 0.0005337429672856022,
      "batch_size": 512
    },
    "user_attrs": {
      "accuracy": 0.9156373315898849,
      "brier_score": 0.07573071720203041,
      "precision": 0.9591468475946443,
      "recall": 0.914619037786496,
      "roc_auc": 0.9775237979366946,
      "specificity": 0.9177863316144963
    }
  },
  "stage_statistics": {
    "unknown": {
      "trials": 166,
      "completed": 166,
      "pruned": 0,
      "failed": 0,
      "best_value": -1.0
    }
  },
  "param_importance": {},
  "top_trials": [
    {
      "number": 0,
      "value": -1.0,
      "params": {
        "embed_dim": 128,
        "num_blocks": 4,
        "dropout": 0.3531616510212273,
        "focal_gamma": 2.8033450352296265,
        "learning_rate": 0.0005337429672856022,
        "batch_size": 512
      },
      "user_attrs": {
        "accuracy": 0.9156373315898849,
        "brier_score": 0.07573071720203041,
        "precision": 0.9591468475946443,
        "recall": 0.914619037786496,
        "roc_auc": 0.9775237979366946,
        "specificity": 0.9177863316144963
      }
    },
    {
      "number": 1,
      "value": -1.0,
      "params": {
        "embed_dim": 256,
        "num_blocks": 8,
        "dropout": 0.09882285122821466,
        "focal_gamma": 1.8764339456056545,
        "learning_rate": 0.00033235468402367823,
        "batch_size": 512
      },
      "user_attrs": {
        "accuracy": 0.925023933499895,
        "brier_score": 0.06285788744683915,
        "precision": 0.9704415565505442,
        "recall": 0.917440980108748,
        "roc_auc": 0.9836838852941424,
        "specificity": 0.9410269445856635
      }
    },
    {
      "number": 2,
      "value": -1.0,
      "params": {
        "embed_dim": 192,
        "num_blocks": 8,
        "dropout": 0.33293907184076144,
        "focal_gamma": 1.9138413075201122,
        "learning_rate": 0.00022899946502903144,
        "batch_size": 256
      },
      "user_attrs": {
        "accuracy": 0.9193499427930978,
        "brier_score": 0.06826877267182549,
        "precision": 0.9650537634408602,
        "recall": 0.9142404845481451,
        "roc_auc": 0.9804592220014257,
        "specificity": 0.9301329072554289
      }
    },
    {
      "number": 3,
      "value": -1.0,
      "params": {
        "embed_dim": 128,
        "num_blocks": 8,
        "dropout": 0.11469905943393448,
        "focal_gamma": 3.9087538832936755,
        "learning_rate": 0.0005857421224796319,
        "batch_size": 256
      },
      "user_attrs": {
        "accuracy": 0.9159875779298107,
        "brier_score": 0.10250666883557243,
        "precision": 0.9581443892607788,
        "recall": 0.9162020786014179,
        "roc_auc": 0.9745105357540446,
        "specificity": 0.9155348972329145
      }
    },
    {
      "number": 4,
      "value": -1.0,
      "params": {
        "embed_dim": 256,
        "num_blocks": 8,
        "dropout": 0.17486366434275624,
        "focal_gamma": 1.8428035290621423,
        "learning_rate": 0.0004243904424890484,
        "batch_size": 1024
      },
      "user_attrs": {
        "accuracy": 0.894178905830434,
        "brier_score": 0.07637078551644332,
        "precision": 0.9564165550096769,
        "recall": 0.8843347787184253,
        "roc_auc": 0.969457025353402,
        "specificity": 0.9149538819086354
      }
    },
    {
      "number": 5,
      "value": -1.0,
      "params": {
        "embed_dim": 256,
        "num_blocks": 8,
        "dropout": 0.07591562810693163,
        "focal_gamma": 2.0753971856328177,
        "learning_rate": 0.0002348497599653354,
        "batch_size": 256
      },
      "user_attrs": {
        "accuracy": 0.9203072827888948,
        "brier_score": 0.06981323152811544,
        "precision": 0.9618557072362497,
        "recall": 0.9189896069929108,
        "roc_auc": 0.981124053954945,
        "specificity": 0.9230880964485438
      }
    },
    {
      "number": 6,
      "value": -1.0,
      "params": {
        "embed_dim": 192,
        "num_blocks": 4,
        "dropout": 0.29963567552804826,
        "focal_gamma": 3.2823551458506923,
        "learning_rate": 0.00043546428361480047,
        "batch_size": 256
      },
      "user_attrs": {
        "accuracy": 0.9181824549933453,
        "brier_score": 0.08349395039521275,
        "precision": 0.9663138686131387,
        "recall": 0.9111776447105788,
        "roc_auc": 0.9801585493704139,
        "specificity": 0.9329653569612899
      }
    },
    {
      "number": 7,
      "value": -1.0,
      "params": {
        "embed_dim": 256,
        "num_blocks": 8,
        "dropout": 0.13725228020210622,
        "focal_gamma": 2.2311487691068894,
        "learning_rate": 0.0005700554572106822,
        "batch_size": 768
      },
      "user_attrs": {
        "accuracy": 0.9271487612954444,
        "brier_score": 0.06646296589515237,
        "precision": 0.9568157802042973,
        "recall": 0.9348200151421295,
        "roc_auc": 0.9829620200421993,
        "specificity": 0.910959401554216
      }
    },
    {
      "number": 8,
      "value": -1.0,
      "params": {
        "embed_dim": 64,
        "num_blocks": 8,
        "dropout": 0.23876978467047777,
        "focal_gamma": 3.4223204654921875,
        "learning_rate": 0.0006926769179941219,
        "batch_size": 1024
      },
      "user_attrs": {
        "accuracy": 0.9130455086744343,
        "brier_score": 0.08960240372047334,
        "precision": 0.9721207603428997,
        "recall": 0.8975841420607061,
        "roc_auc": 0.9789693254931057,
        "specificity": 0.9456750671798969
      }
    },
    {
      "number": 9,
      "value": -1.0,
      "params": {
        "embed_dim": 128,
        "num_blocks": 4,
        "dropout": 0.1681653099912698,
        "focal_gamma": 3.8287291117375575,
        "learning_rate": 0.0003130527694136157,
        "batch_size": 1024
      },
      "user_attrs": {
        "accuracy": 0.8939454082704835,
        "brier_score": 0.11490973480104442,
        "precision": 0.9499669627780633,
        "recall": 0.8905981141165944,
        "roc_auc": 0.9672256134861139,
        "specificity": 0.9010095141259351
      }
    }
  ]
}