{
  "0.0": {
    "precision": 0.950491054897561,
    "recall": 0.9990545582347107,
    "f1-score": 0.9741679441201149,
    "support": 688567.0
  },
  "1.0": {
    "precision": 0.6440677966101694,
    "recall": 0.03182923534179952,
    "f1-score": 0.06066067612451402,
    "support": 37010.0
  },
  "accuracy": 0.9497186377186708,
  "macro avg": {
    "precision": 0.7972794257538652,
    "recall": 0.5154418967882551,
    "f1-score": 0.5174143101223144,
    "support": 725577.0
  },
  "weighted avg": {
    "precision": 0.9348611151541343,
    "recall": 0.9497186377186708,
    "f1-score": 0.9275720570005986,
    "support": 725577.0
  }
}