{
  "0.0": {
    "precision": 0.9473377331492723,
    "recall": 1.0,
    "f1-score": 0.9729567881553031,
    "support": 601154.0
  },
  "1.0": {
    "precision": 0.0,
    "recall": 0.0,
    "f1-score": 0.0,
    "support": 33418.0
  },
  "accuracy": 0.9473377331492723,
  "macro avg": {
    "precision": 0.47366886657463614,
    "recall": 0.5,
    "f1-score": 0.48647839407765153,
    "support": 634572.0
  },
  "weighted avg": {
    "precision": 0.8974487806484017,
    "recall": 0.9473377331492723,
    "f1-score": 0.9217186781432416,
    "support": 634572.0
  }
}