{
  "0.0": {
    "precision": 0.987241256560003,
    "recall": 0.9891482449325517,
    "f1-score": 0.9881938307341416,
    "support": 283180.0
  },
  "1.0": {
    "precision": 0.9900349247836252,
    "recall": 0.9882819075241807,
    "f1-score": 0.989157639465998,
    "support": 308924.0
  },
  "accuracy": 0.9886962425519841,
  "macro avg": {
    "precision": 0.9886380906718142,
    "recall": 0.9887150762283662,
    "f1-score": 0.9886757351000698,
    "support": 592104.0
  },
  "weighted avg": {
    "precision": 0.9886988234102765,
    "recall": 0.9886962425519841,
    "f1-score": 0.9886966877468961,
    "support": 592104.0
  }
}