{
  "0.0": {
    "precision": 0.6712138225445864,
    "recall": 0.7096455061257012,
    "f1-score": 0.6898948544989018,
    "support": 186999.0
  },
  "1.0": {
    "precision": 0.7400587902986432,
    "recall": 0.7039734043764374,
    "f1-score": 0.7215652226680017,
    "support": 219585.0
  },
  "accuracy": 0.7065821576845129,
  "macro avg": {
    "precision": 0.7056363064216148,
    "recall": 0.7068094552510693,
    "f1-score": 0.7057300385834517,
    "support": 406584.0
  },
  "weighted avg": {
    "precision": 0.7083951239343965,
    "recall": 0.7065821576845129,
    "f1-score": 0.7069991620821117,
    "support": 406584.0
  }
}