{
  "0.0": {
    "precision": 0.9978373126780058,
    "recall": 0.9977543191927526,
    "f1-score": 0.9977958142095956,
    "support": 601154.0
  },
  "1.0": {
    "precision": 0.9596629616349946,
    "recall": 0.9610988090250763,
    "f1-score": 0.9603803486529319,
    "support": 33418.0
  },
  "accuracy": 0.9958239569347529,
  "macro avg": {
    "precision": 0.9787501371565002,
    "recall": 0.9794265641089144,
    "f1-score": 0.9790880814312637,
    "support": 634572.0
  },
  "weighted avg": {
    "precision": 0.9958269648165254,
    "recall": 0.9958239569347529,
    "f1-score": 0.9958254309781065,
    "support": 634572.0
  }
}