{
  "0.0": {
    "precision": 0.9976440187401805,
    "recall": 0.9992947323459587,
    "f1-score": 0.9984686932849365,
    "support": 704697.0
  },
  "1.0": {
    "precision": 0.861328125,
    "recall": 0.6498947368421053,
    "f1-score": 0.7408207343412527,
    "support": 4750.0
  },
  "accuracy": 0.996955375102016,
  "macro avg": {
    "precision": 0.9294860718700902,
    "recall": 0.824594734594032,
    "f1-score": 0.8696447138130946,
    "support": 709447.0
  },
  "weighted avg": {
    "precision": 0.996731335346966,
    "recall": 0.996955375102016,
    "f1-score": 0.9967436485599853,
    "support": 709447.0
  }
}