{
  "version": 3.6,
  "timestamp": "2025-05-28T17:58:02.881637",
  "description": "EVEREST model trained on SHARP data with evidential and EVT losses.",
  "flare_class": "M5",
  "time_window": "72",
  "hyperparameters": {
    "input_shape": [
      10,
      9
    ],
    "embed_dim": 128,
    "num_heads": 4,
    "ff_dim": 256,
    "num_blocks": 6,
    "dropout": 0.2
  },
  "performance": {
    "accuracy": 0.9966734653892398,
    "TSS": 0.6072933132950586,
    "ROC_AUC": 0.9963412605178651,
    "Brier": 0.007611058056533618,
    "ECE": 0.05934632956144716
  },
  "git_info": {
    "commit": "67f282a9529899517317538d2bf6ac77a70ae0c1",
    "branch": "pytorch-rewrite"
  },
  "architecture": {
    "name": "EVEREST (PyTorch)",
    "input_shape": [
      10,
      9
    ],
    "num_params": 814090,
    "precision": "torch.float32"
  },
  "framework": "PyTorch",
  "latency_sec_per_batch32": 0.002909731864929199,
  "training_metrics": {
    "total_training_time_s": 936.9974763393402,
    "total_training_time_h": 0.2602770767609278,
    "average_epoch_time_s": 18.738014430999755,
    "fastest_epoch_time_s": 18.12034511566162,
    "slowest_epoch_time_s": 20.6304349899292,
    "epoch_times": [
      20.6304349899292,
      18.12034511566162,
      18.731247663497925,
      18.648306131362915,
      18.611833095550537,
      18.377355575561523,
      18.591363430023193,
      18.638855457305908,
      18.51080298423767,
      18.58668088912964,
      18.297815322875977,
      18.534284591674805,
      18.812129974365234,
      18.74604034423828,
      18.6226806640625,
      18.748714685440063,
      18.74088954925537,
      18.709973335266113,
      18.720253229141235,
      18.537830352783203,
      18.858879804611206,
      18.8413405418396,
      18.811607122421265,
      18.844569444656372,
      18.646878480911255,
      18.87113928794861,
      18.86097764968872,
      18.850192308425903,
      18.877102375030518,
      18.57084035873413,
      18.821722984313965,
      18.874545097351074,
      18.85679268836975,
      18.61718988418579,
      18.871002674102783,
      18.83708119392395,
      18.87792682647705,
      18.90224051475525,
      18.701252937316895,
      18.802266836166382,
      18.757131814956665,
      18.707094192504883,
      18.742650985717773,
      18.49910569190979,
      18.74631667137146,
      18.78052282333374,
      18.726200819015503,
      18.7336208820343,
      18.456182718276978,
      18.638508558273315
    ],
    "epochs_completed": 50,
    "early_stopped": false,
    "gpu_info": {
      "gpu_name": "Quadro RTX 6000",
      "gpu_memory_gb": 23
    },
    "gpu_power_stats": {
      "average_power_w": 153.0925,
      "max_power_w": 155.32,
      "min_power_w": 152.04,
      "power_readings": 4,
      "monitoring_duration_s": 900.2665247917175
    },
    "co2_emissions_kg": null,
    "training_samples": 709447,
    "batch_size": 1024,
    "mixed_precision": true
  }
}