{
  "0.0": {
    "precision": 0.9991467978918595,
    "recall": 0.9986939740874062,
    "f1-score": 0.99892033467188,
    "support": 615608.0
  },
  "1.0": {
    "precision": 0.8321152641470035,
    "recall": 0.8835920177383592,
    "f1-score": 0.8570814066028605,
    "support": 4510.0
  },
  "accuracy": 0.9978568595009337,
  "macro avg": {
    "precision": 0.9156310310194316,
    "recall": 0.9411429959128828,
    "f1-score": 0.9280008706373702,
    "support": 620118.0
  },
  "weighted avg": {
    "precision": 0.9979320093883982,
    "recall": 0.9978568595009337,
    "f1-score": 0.997888767186996,
    "support": 620118.0
  }
}