{
  "version": "1.2",
  "timestamp": "2025-04-18T17:09:45.001067",
  "description": "Retraining the best performing model using mixed precision",
  "flare_class": "C",
  "time_window": "72",
  "hyperparameters": {
    "learning_rate": 0.0001,
    "batch_size": 512,
    "early_stopping_patience": 5,
    "epochs": 200,
    "num_transformer_blocks": 6,
    "embed_dim": 128,
    "num_heads": 4,
    "ff_dim": 256,
    "dropout_rate": 0.2,
    "previous_version": "1.1"
  },
  "performance": {
    "final_training_accuracy": 0.9884177446365356,
    "final_training_loss": 0.04507217928767204,
    "epochs_trained": 169
  },
  "git_info": {
    "commit": "365e7dd00cfc559533d8e855b59b95138532eb9a",
    "branch": "main"
  },
  "architecture": {
    "name": "SolarKnowledge",
    "input_shape": [
      10,
      9
    ],
    "num_params": 2000002,
    "precision": "<DTypePolicy \"float32\">"
  },
  "test_results": {
    "accuracy": 0.9944706190289229,
    "precision": 0.9960352312363554,
    "recall": 0.9954856669927018,
    "f1_score": 0.9957603732878431,
    "balanced_accuracy": 0.9940260609722389,
    "TSS": 0.9880521219444778
  }
}