{
  "0.0": {
    "precision": 0.9869571937978712,
    "recall": 0.9901978085444307,
    "f1-score": 0.988574845440082,
    "support": 186999.0
  },
  "1.0": {
    "precision": 0.991629028501491,
    "recall": 0.988856251565453,
    "f1-score": 0.9902406990213336,
    "support": 219585.0
  },
  "accuracy": 0.9894732699761919,
  "macro avg": {
    "precision": 0.9892931111496811,
    "recall": 0.9895270300549419,
    "f1-score": 0.9894077722307077,
    "support": 406584.0
  },
  "weighted avg": {
    "precision": 0.9894803251148793,
    "recall": 0.9894732699761919,
    "f1-score": 0.9894745278147922,
    "support": 406584.0
  }
}