{
  "0.0": {
    "precision": 0.9967008702428887,
    "recall": 0.9986032186700212,
    "f1-score": 0.9976511375947996,
    "support": 461060.0
  },
  "1.0": {
    "precision": 0.8089020771513353,
    "recall": 0.6414117647058823,
    "f1-score": 0.715485564304462,
    "support": 4250.0
  },
  "accuracy": 0.9953407405815478,
  "macro avg": {
    "precision": 0.902801473697112,
    "recall": 0.8200074916879518,
    "f1-score": 0.8565683509496308,
    "support": 465310.0
  },
  "weighted avg": {
    "precision": 0.9949855731922362,
    "recall": 0.9953407405815478,
    "f1-score": 0.9950739230787051,
    "support": 465310.0
  }
}