{
  "0.0": {
    "precision": 0.9974924319869963,
    "recall": 0.9997076757812223,
    "f1-score": 0.9985988253379439,
    "support": 704697.0
  },
  "1.0": {
    "precision": 0.9353218210361067,
    "recall": 0.6271578947368421,
    "f1-score": 0.7508506616257089,
    "support": 4750.0
  },
  "accuracy": 0.9972133224892064,
  "macro avg": {
    "precision": 0.9664071265115515,
    "recall": 0.8134327852590322,
    "f1-score": 0.8747247434818264,
    "support": 709447.0
  },
  "weighted avg": {
    "precision": 0.9970761776339344,
    "recall": 0.9972133224892064,
    "f1-score": 0.9969400632632109,
    "support": 709447.0
  }
}