{
  "0.0": {
    "precision": 0.9983623107440923,
    "recall": 0.9991627607326269,
    "f1-score": 0.9987623753598509,
    "support": 704697.0
  },
  "1.0": {
    "precision": 0.8590203106332138,
    "recall": 0.7568421052631579,
    "f1-score": 0.8047006155567991,
    "support": 4750.0
  },
  "accuracy": 0.9975403377560269,
  "macro avg": {
    "precision": 0.9286913106886531,
    "recall": 0.8780024329978924,
    "f1-score": 0.901731495458325,
    "support": 709447.0
  },
  "weighted avg": {
    "precision": 0.9974293664924051,
    "recall": 0.9975403377560269,
    "f1-score": 0.997463062854386,
    "support": 709447.0
  }
}