{
  "version": 3.2,
  "timestamp": "2025-05-28T08:13:43.362762",
  "description": "EVEREST model trained on SHARP data with evidential and EVT losses.",
  "flare_class": "M5",
  "time_window": "72",
  "hyperparameters": {
    "input_shape": [
      10,
      9
    ],
    "embed_dim": 128,
    "num_heads": 4,
    "ff_dim": 256,
    "num_blocks": 6,
    "dropout": 0.2
  },
  "performance": {
    "accuracy": 0.9964859954302435,
    "TSS": 0.6041770779709319,
    "ROC_AUC": 0.9977753551862492,
    "Brier": 0.006379119706221772,
    "ECE": 0.054273136627406814
  },
  "git_info": {
    "commit": "5ff1a61c7700d3630229b919aeaad50877aaf8a8",
    "branch": "pytorch-rewrite"
  },
  "architecture": {
    "name": "EVEREST (PyTorch)",
    "input_shape": [
      10,
      9
    ],
    "num_params": 813316,
    "precision": "torch.float32"
  },
  "framework": "PyTorch",
  "latency_sec_per_batch32": 0.0026472687721252443,
  "training_metrics": {
    "total_training_time_s": 871.9674730300903,
    "total_training_time_h": 0.24221318695280286,
    "average_epoch_time_s": 17.437858166694642,
    "fastest_epoch_time_s": 17.071730852127075,
    "slowest_epoch_time_s": 18.8168625831604,
    "epoch_times": [
      18.8168625831604,
      17.071730852127075,
      17.59108567237854,
      17.448400259017944,
      17.542388200759888,
      17.359278202056885,
      17.420434951782227,
      17.491121292114258,
      17.541560649871826,
      17.401201486587524,
      17.221036672592163,
      17.539085865020752,
      17.44390296936035,
      17.392690420150757,
      17.37180185317993,
      17.471189260482788,
      17.407609224319458,
      17.52716302871704,
      17.513948678970337,
      17.194118976593018,
      17.434564113616943,
      17.519195079803467,
      17.41535186767578,
      17.44710922241211,
      17.33950138092041,
      17.442365884780884,
      17.412554502487183,
      17.483094453811646,
      17.233285665512085,
      17.38758111000061,
      17.476191997528076,
      17.50996208190918,
      17.35025691986084,
      17.253260374069214,
      17.436802625656128,
      17.410856008529663,
      17.457978010177612,
      17.49194097518921,
      17.24164056777954,
      17.40398097038269,
      17.509522914886475,
      17.405785083770752,
      17.37929391860962,
      17.24673628807068,
      17.446377992630005,
      17.40712332725525,
      17.485827207565308,
      17.490660429000854,
      17.196099281311035,
      17.411396980285645
    ],
    "epochs_completed": 50,
    "early_stopped": false,
    "gpu_info": {
      "gpu_name": "Quadro RTX 6000",
      "gpu_memory_gb": 23
    },
    "gpu_power_stats": {
      "average_power_w": 159.99,
      "max_power_w": 160.79,
      "min_power_w": 158.97,
      "power_readings": 3,
      "monitoring_duration_s": 600.2913048267365
    },
    "co2_emissions_kg": null,
    "training_samples": 709447,
    "batch_size": 1024,
    "mixed_precision": true
  }
}