{
  "0.0": {
    "precision": 0.9875099866844208,
    "recall": 0.9914758902454024,
    "f1-score": 0.9894889646136481,
    "support": 186999.0
  },
  "1.0": {
    "precision": 0.9927159399362073,
    "recall": 0.9893207641687729,
    "f1-score": 0.9910154441299305,
    "support": 219585.0
  },
  "accuracy": 0.9903119650551916,
  "macro avg": {
    "precision": 0.9901129633103141,
    "recall": 0.9903983272070876,
    "f1-score": 0.9902522043717893,
    "support": 406584.0
  },
  "weighted avg": {
    "precision": 0.9903215809547156,
    "recall": 0.9903119650551916,
    "f1-score": 0.9903133748328965,
    "support": 406584.0
  }
}