{
  "accuracy": 0.9994284041322199,
  "precision": 0.7266187050359713,
  "recall": 0.9711538461538461,
  "f1": 0.831275720164609,
  "roc_auc": 0.9999299234796617,
  "brier": 0.0008559798194805532,
  "log_loss": 0.008750091195522345,
  "tss": 0.9706233050481101
}