{
  "accuracy": 0.9993168732311896,
  "precision": 0.6923076923076923,
  "recall": 0.9519230769230769,
  "f1": 0.8016194331983806,
  "roc_auc": 0.9998660222848704,
  "brier": 0.001098520898538386,
  "log_loss": 0.012036964110388564,
  "tss": 0.951308766185682
}