{
  "0.0": {
    "precision": 0.9974784837108748,
    "recall": 0.9987051576801284,
    "f1-score": 0.9980914437940493,
    "support": 461060.0
  },
  "1.0": {
    "precision": 0.8379038827043171,
    "recall": 0.7261176470588235,
    "f1-score": 0.778015883020295,
    "support": 4250.0
  },
  "accuracy": 0.9962154262749565,
  "macro avg": {
    "precision": 0.917691183207596,
    "recall": 0.862411402369476,
    "f1-score": 0.8880536634071722,
    "support": 465310.0
  },
  "weighted avg": {
    "precision": 0.9960209778453704,
    "recall": 0.9962154262749565,
    "f1-score": 0.9960813405654739,
    "support": 465310.0
  }
}