{
  "accuracy": 0.999358697319076,
  "precision": 0.8717948717948718,
  "recall": 0.6538461538461539,
  "f1": 0.7472527472527473,
  "roc_auc": 0.9976280037588938,
  "brier": 0.001081070524808474,
  "log_loss": 0.011081643226684158,
  "tss": 0.6537065377272979
}