{
  "accuracy": 0.9995259936706213,
  "precision": 0.7916666666666666,
  "recall": 0.9134615384615384,
  "f1": 0.8482142857142857,
  "roc_auc": 0.9999147536582093,
  "brier": 0.0010672040128827474,
  "log_loss": 0.022777514120353413,
  "tss": 0.91311249823395
}