{
  "accuracy": 0.9987173946381519,
  "precision": 0.5319148936170213,
  "recall": 0.9615384615384616,
  "f1": 0.684931506849315,
  "roc_auc": 0.9991088736743187,
  "brier": 0.0011358115689891095,
  "log_loss": 0.010037519526680378,
  "tss": 0.9603098401544181
}