{
  "accuracy": 0.9993168732311896,
  "precision": 0.7433628318584071,
  "recall": 0.8076923076923077,
  "f1": 0.7741935483870968,
  "roc_auc": 0.9998162169418714,
  "brier": 0.0010217723026861069,
  "log_loss": 0.00902064895300572,
  "tss": 0.8072874210525509
}