{
  "accuracy": 0.9997351141100531,
  "precision": 0.8828828828828829,
  "recall": 0.9423076923076923,
  "f1": 0.9116279069767442,
  "roc_auc": 0.9994031413612565,
  "brier": 0.000263262218671274,
  "log_loss": 0.0011788543089325712,
  "tss": 0.9421261913443459
}