{
  "accuracy": 0.9994144627695911,
  "precision": 0.7384615384615385,
  "recall": 0.9230769230769231,
  "f1": 0.8205128205128205,
  "roc_auc": 0.9993842126459928,
  "brier": 0.000718371730954084,
  "log_loss": 0.00655714987145587,
  "tss": 0.9226022283981483
}