{
  "0.0": {
    "precision": 0.9766938293873886,
    "recall": 0.9838038371339155,
    "f1-score": 0.9802359405622778,
    "support": 249874.0
  },
  "1.0": {
    "precision": 0.9853710906435708,
    "recall": 0.9789343647091355,
    "f1-score": 0.9821421815974217,
    "support": 278463.0
  },
  "accuracy": 0.981237354188709,
  "macro avg": {
    "precision": 0.9810324600154796,
    "recall": 0.9813691009215255,
    "f1-score": 0.9811890610798497,
    "support": 528337.0
  },
  "weighted avg": {
    "precision": 0.9812672289433164,
    "recall": 0.981237354188709,
    "f1-score": 0.9812406356666701,
    "support": 528337.0
  }
}