{
  "0.0": {
    "precision": 0.9862065114201151,
    "recall": 0.9894586871783378,
    "f1-score": 0.9878299225685816,
    "support": 249874.0
  },
  "1.0": {
    "precision": 0.9905128602249684,
    "recall": 0.987581833134025,
    "f1-score": 0.989045175165707,
    "support": 278463.0
  },
  "accuracy": 0.9884694806534465,
  "macro avg": {
    "precision": 0.9883596858225417,
    "recall": 0.9885202601561814,
    "f1-score": 0.9884375488671443,
    "support": 528337.0
  },
  "weighted avg": {
    "precision": 0.9884761968808076,
    "recall": 0.9884694806534465,
    "f1-score": 0.9884704283138793,
    "support": 528337.0
  }
}