{
  "0.0": {
    "precision": 0.9909373364216183,
    "recall": 0.9819521990400627,
    "f1-score": 0.9864243072102907,
    "support": 449196.0
  },
  "1.0": {
    "precision": 0.7470593741224922,
    "recall": 0.8558152834369862,
    "f1-score": 0.7977477552516283,
    "support": 27978.0
  },
  "accuracy": 0.974556451105886,
  "macro avg": {
    "precision": 0.8689983552720553,
    "recall": 0.9188837412385245,
    "f1-score": 0.8920860312309595,
    "support": 477174.0
  },
  "weighted avg": {
    "precision": 0.9766381130163093,
    "recall": 0.974556451105886,
    "f1-score": 0.9753616915382309,
    "support": 477174.0
  }
}