{
  "0.0": {
    "precision": 0.9958669468150415,
    "recall": 0.9992191905608815,
    "f1-score": 0.9975402523839632,
    "support": 461060.0
  },
  "1.0": {
    "precision": 0.8665678280207562,
    "recall": 0.5501176470588235,
    "f1-score": 0.6729994242947611,
    "support": 4250.0
  },
  "accuracy": 0.9951172336721755,
  "macro avg": {
    "precision": 0.9312173874178988,
    "recall": 0.7746684188098525,
    "f1-score": 0.8352698383393622,
    "support": 465310.0
  },
  "weighted avg": {
    "precision": 0.9946859679947373,
    "recall": 0.9951172336721755,
    "f1-score": 0.9945759951804234,
    "support": 465310.0
  }
}