{
  "0.0": {
    "precision": 0.9991759110721524,
    "recall": 0.9996353042513307,
    "f1-score": 0.9994055548698392,
    "support": 704697.0
  },
  "1.0": {
    "precision": 0.9419340262087664,
    "recall": 0.8776842105263158,
    "f1-score": 0.9086748038360941,
    "support": 4750.0
  },
  "accuracy": 0.9988187983034673,
  "macro avg": {
    "precision": 0.9705549686404594,
    "recall": 0.9386597573888233,
    "f1-score": 0.9540401793529667,
    "support": 709447.0
  },
  "weighted avg": {
    "precision": 0.9987926562932878,
    "recall": 0.9988187983034673,
    "f1-score": 0.9987980802206966,
    "support": 709447.0
  }
}