{
  "0.0": {
    "precision": 0.989221178062775,
    "recall": 0.9887263180643044,
    "f1-score": 0.9889736861593642,
    "support": 249874.0
  },
  "1.0": {
    "precision": 0.9898882938245724,
    "recall": 0.9903326474253312,
    "f1-score": 0.9901104207693731,
    "support": 278463.0
  },
  "accuracy": 0.9895729430268938,
  "macro avg": {
    "precision": 0.9895547359436737,
    "recall": 0.9895294827448178,
    "f1-score": 0.9895420534643686,
    "support": 528337.0
  },
  "weighted avg": {
    "precision": 0.9895727851930297,
    "recall": 0.9895729430268938,
    "f1-score": 0.9895728085560672,
    "support": 528337.0
  }
}