{
  "0.0": {
    "precision": 0.9993842652823512,
    "recall": 0.9995998280111877,
    "f1-score": 0.9994920350240432,
    "support": 704697.0
  },
  "1.0": {
    "precision": 0.9386689865158765,
    "recall": 0.9086315789473685,
    "f1-score": 0.9234060761660248,
    "support": 4750.0
  },
  "accuracy": 0.9989907632282609,
  "macro avg": {
    "precision": 0.9690266258991138,
    "recall": 0.9541157034792781,
    "f1-score": 0.9614490555950339,
    "support": 709447.0
  },
  "weighted avg": {
    "precision": 0.9989777548958941,
    "recall": 0.9989907632282609,
    "f1-score": 0.9989826124673539,
    "support": 709447.0
  }
}