{
    "24": {
        "C": {
            "accuracy": 0.6782,
            "precision": 0.6784,
            "recall": 0.9996,
            "balanced_accuracy": 0.4998,
            "TSS": -0.0003,
            "sensitivity": 0.9996,
            "specificity": 0.0001,
            "mean_entropy": 0.5089075565338135,
            "mean_uncertainty": 0.12738710641860962,
            "mean_confidence": 0.7856413125991821,
            "confusion_matrix": [
                [
                    2,
                    13767
                ],
                [
                    13,
                    29045
                ]
            ],
            "test_samples": 42827,
            "positive_samples": 29058,
            "negative_samples": 13769,
            "version": "2.0",
            "test_date": "2025-05-08 22:45:18",
            "used_monte_carlo_dropout": true,
            "mc_passes": 30,
            "framework": "pytorch"
        }
    }
}