{
    "24": {
        "C": {
            "accuracy": 0.8755,
            "precision": 0.8936,
            "recall": 0.9268,
            "balanced_accuracy": 0.8469,
            "TSS": 0.6939,
            "sensitivity": 0.9268,
            "specificity": 0.7671,
            "mean_entropy": 0.5034926533699036,
            "mean_uncertainty": 0.059267591685056686,
            "mean_confidence": 0.7341414093971252,
            "confusion_matrix": [
                [
                    10562,
                    3207
                ],
                [
                    2127,
                    26931
                ]
            ],
            "test_samples": 42827,
            "positive_samples": 29058,
            "negative_samples": 13769,
            "version": "1.6",
            "test_date": "2025-05-08 05:00:18",
            "used_monte_carlo_dropout": true,
            "mc_passes": 20,
            "framework": "pytorch"
        }
    }
}