{
    "24": {
        "C": {
            "accuracy": 0.6778,
            "precision": 0.6783,
            "recall": 0.9989,
            "balanced_accuracy": 0.4995,
            "TSS": -0.001,
            "sensitivity": 0.9989,
            "specificity": 0.0001,
            "mean_entropy": 0.5191502571105957,
            "mean_uncertainty": 0.12926864624023438,
            "mean_confidence": 0.7760835886001587,
            "confusion_matrix": [
                [
                    1,
                    13768
                ],
                [
                    32,
                    29026
                ]
            ],
            "test_samples": 42827,
            "positive_samples": 29058,
            "negative_samples": 13769,
            "version": "2.1",
            "test_date": "2025-05-09 00:33:35",
            "used_monte_carlo_dropout": true,
            "mc_passes": 30,
            "framework": "pytorch"
        }
    }
}