{
  "0.0": {
    "precision": 0.9967676050852885,
    "recall": 0.9992235283910987,
    "f1-score": 0.9979940558198376,
    "support": 461060.0
  },
  "1.0": {
    "precision": 0.8850353243416827,
    "recall": 0.6484705882352941,
    "f1-score": 0.7485062466051059,
    "support": 4250.0
  },
  "accuracy": 0.9960198577292557,
  "macro avg": {
    "precision": 0.9409014647134857,
    "recall": 0.8238470583131965,
    "f1-score": 0.8732501512124717,
    "support": 465310.0
  },
  "weighted avg": {
    "precision": 0.9957470764201829,
    "recall": 0.9960198577292557,
    "f1-score": 0.9957153100607467,
    "support": 465310.0
  }
}